rental_id;rental_date;return_date;first_name;last_name;email
2;24-05-2005 22:54;28-05-2005 19:40;Tommy;Collazo;tommy.collazo@sakilacustomer.org
3;24-05-2005 23:03;01-06-2005 22:12;Manuel;Murrell;manuel.murrell@sakilacustomer.org
4;24-05-2005 23:04;03-06-2005 1:43;Andrew;Purdy;andrew.purdy@sakilacustomer.org
5;24-05-2005 23:05;02-06-2005 4:33;Delores;Hansen;delores.hansen@sakilacustomer.org
6;24-05-2005 23:08;27-05-2005 1:32;Nelson;Christenson;nelson.christenson@sakilacustomer.org
7;24-05-2005 23:11;29-05-2005 20:34;Cassandra;Walters;cassandra.walters@sakilacustomer.org
8;24-05-2005 23:31;27-05-2005 23:33;Minnie;Romero;minnie.romero@sakilacustomer.org
9;25-05-2005 0:00;28-05-2005 0:22;Ellen;Simpson;ellen.simpson@sakilacustomer.org
10;25-05-2005 0:02;31-05-2005 22:44;Danny;Isom;danny.isom@sakilacustomer.org
11;25-05-2005 0:09;02-06-2005 20:56;April;Burns;april.burns@sakilacustomer.org
12;25-05-2005 0:19;30-05-2005 5:44;Deanna;Byrd;deanna.byrd@sakilacustomer.org
13;25-05-2005 0:22;30-05-2005 4:28;Raymond;Mcwhorter;raymond.mcwhorter@sakilacustomer.org
14;25-05-2005 0:31;26-05-2005 2:56;Theodore;Culp;theodore.culp@sakilacustomer.org
15;25-05-2005 0:39;03-06-2005 3:30;Ronald;Weiner;ronald.weiner@sakilacustomer.org
16;25-05-2005 0:43;26-05-2005 4:42;Steven;Curley;steven.curley@sakilacustomer.org
17;25-05-2005 1:06;27-05-2005 0:43;Isaac;Oglesby;isaac.oglesby@sakilacustomer.org
18;25-05-2005 1:10;31-05-2005 6:35;Ruth;Martinez;ruth.martinez@sakilacustomer.org
19;25-05-2005 1:17;31-05-2005 6:00;Ronnie;Ricketts;ronnie.ricketts@sakilacustomer.org
20;25-05-2005 1:48;27-05-2005 2:20;Roberta;Harper;roberta.harper@sakilacustomer.org
21;25-05-2005 1:59;26-05-2005 1:01;Craig;Morrell;craig.morrell@sakilacustomer.org
22;25-05-2005 2:19;26-05-2005 4:52;Raul;Fortier;raul.fortier@sakilacustomer.org
23;25-05-2005 2:40;29-05-2005 6:34;Barry;Lovelace;barry.lovelace@sakilacustomer.org
24;25-05-2005 2:53;27-05-2005 1:15;Juan;Fraley;juan.fraley@sakilacustomer.org
25;25-05-2005 3:21;27-05-2005 21:25;Pamela;Baker;pamela.baker@sakilacustomer.org
26;25-05-2005 3:36;31-05-2005 0:34;Billy;Poulin;billy.poulin@sakilacustomer.org
27;25-05-2005 3:41;30-05-2005 1:13;Robert;Baughman;robert.baughman@sakilacustomer.org
28;25-05-2005 3:42;26-05-2005 9:26;Constance;Reid;constance.reid@sakilacustomer.org
29;25-05-2005 3:47;30-05-2005 0:31;Marie;Turner;marie.turner@sakilacustomer.org
30;25-05-2005 4:01;30-05-2005 3:12;Ray;Houle;ray.houle@sakilacustomer.org
31;25-05-2005 4:05;30-05-2005 7:15;Fred;Wheat;fred.wheat@sakilacustomer.org
32;25-05-2005 4:06;25-05-2005 23:55;Joy;George;joy.george@sakilacustomer.org
33;25-05-2005 4:18;27-05-2005 3:58;Kay;Caldwell;kay.caldwell@sakilacustomer.org
34;25-05-2005 4:19;29-05-2005 0:10;Freddie;Duggan;freddie.duggan@sakilacustomer.org
35;25-05-2005 4:24;27-05-2005 7:02;Roberto;Vu;roberto.vu@sakilacustomer.org
36;25-05-2005 4:36;29-05-2005 0:31;Bonnie;Hughes;bonnie.hughes@sakilacustomer.org
37;25-05-2005 4:44;29-05-2005 1:03;Javier;Elrod;javier.elrod@sakilacustomer.org
38;25-05-2005 4:47;01-06-2005 0:58;Michael;Silverman;michael.silverman@sakilacustomer.org
39;25-05-2005 4:51;31-05-2005 3:14;Gertrude;Castillo;gertrude.castillo@sakilacustomer.org
40;25-05-2005 5:09;27-05-2005 23:12;Marvin;Yee;marvin.yee@sakilacustomer.org
41;25-05-2005 5:12;02-06-2005 0:28;Yvonne;Watkins;yvonne.watkins@sakilacustomer.org
42;25-05-2005 5:24;31-05-2005 2:47;Harvey;Guajardo;harvey.guajardo@sakilacustomer.org
43;25-05-2005 5:39;26-05-2005 6:54;Neil;Renner;neil.renner@sakilacustomer.org
44;25-05-2005 5:53;29-05-2005 10:56;Gertrude;Castillo;gertrude.castillo@sakilacustomer.org
45;25-05-2005 5:59;02-06-2005 9:56;Troy;Quigley;troy.quigley@sakilacustomer.org
46;25-05-2005 6:04;02-06-2005 8:18;Maria;Miller;maria.miller@sakilacustomer.org
47;25-05-2005 6:05;30-05-2005 3:04;Virginia;Green;virginia.green@sakilacustomer.org
48;25-05-2005 6:20;02-06-2005 5:42;Jenny;Castro;jenny.castro@sakilacustomer.org
49;25-05-2005 6:39;30-05-2005 10:12;Gene;Sanborn;gene.sanborn@sakilacustomer.org
50;25-05-2005 6:44;28-05-2005 11:28;Carol;Garcia;carol.garcia@sakilacustomer.org
51;25-05-2005 6:49;26-05-2005 6:42;Mabel;Holland;mabel.holland@sakilacustomer.org
52;25-05-2005 6:51;31-05-2005 1:27;Edgar;Rhoads;edgar.rhoads@sakilacustomer.org
53;25-05-2005 7:19;27-05-2005 5:19;Dave;Gardiner;dave.gardiner@sakilacustomer.org
54;25-05-2005 7:23;01-06-2005 5:05;Toni;Holt;toni.holt@sakilacustomer.org
55;25-05-2005 8:26;30-05-2005 10:57;Monica;Hicks;monica.hicks@sakilacustomer.org
56;25-05-2005 8:28;26-05-2005 14:21;Chester;Benner;chester.benner@sakilacustomer.org
57;25-05-2005 8:43;29-05-2005 6:42;Jennifer;Davis;jennifer.davis@sakilacustomer.org
58;25-05-2005 8:53;28-05-2005 14:40;Matthew;Mahan;matthew.mahan@sakilacustomer.org
59;25-05-2005 8:56;01-06-2005 9:52;Manuel;Murrell;manuel.murrell@sakilacustomer.org
60;25-05-2005 8:58;30-05-2005 14:14;Gordon;Allard;gordon.allard@sakilacustomer.org
61;25-05-2005 9:01;02-06-2005 7:22;Jo;Fowler;jo.fowler@sakilacustomer.org
62;25-05-2005 9:18;30-05-2005 10:55;Chad;Carbone;chad.carbone@sakilacustomer.org
63;25-05-2005 9:19;27-05-2005 4:24;Martin;Bales;martin.bales@sakilacustomer.org
64;25-05-2005 9:21;03-06-2005 11:31;Harry;Arce;harry.arce@sakilacustomer.org
65;25-05-2005 9:32;29-05-2005 14:21;Arthur;Simpkins;arthur.simpkins@sakilacustomer.org
66;25-05-2005 9:35;29-05-2005 4:16;Jacqueline;Long;jacqueline.long@sakilacustomer.org
67;25-05-2005 9:41;27-05-2005 13:46;Sherry;Marshall;sherry.marshall@sakilacustomer.org
68;25-05-2005 9:47;31-05-2005 10:20;Sylvia;Ortiz;sylvia.ortiz@sakilacustomer.org
69;25-05-2005 10:10;27-05-2005 14:02;Richard;Mccrary;richard.mccrary@sakilacustomer.org
70;25-05-2005 10:15;27-05-2005 5:56;Beverly;Brooks;beverly.brooks@sakilacustomer.org
71;25-05-2005 10:26;28-05-2005 4:59;Robin;Hayes;robin.hayes@sakilacustomer.org
72;25-05-2005 10:52;28-05-2005 5:52;Ann;Evans;ann.evans@sakilacustomer.org
73;25-05-2005 11:00;01-06-2005 13:56;Clarence;Gamez;clarence.gamez@sakilacustomer.org
74;25-05-2005 11:09;26-05-2005 12:23;Jennie;Terry;jennie.terry@sakilacustomer.org
75;25-05-2005 11:13;03-06-2005 12:58;Ben;Easter;ben.easter@sakilacustomer.org
76;25-05-2005 11:30;03-06-2005 12:00;Mary;Smith;mary.smith@sakilacustomer.org
77;25-05-2005 11:31;26-05-2005 16:53;Jim;Rea;jim.rea@sakilacustomer.org
78;25-05-2005 11:35;31-05-2005 12:48;Juanita;Mason;juanita.mason@sakilacustomer.org
79;25-05-2005 12:11;03-06-2005 10:54;Courtney;Day;courtney.day@sakilacustomer.org
80;25-05-2005 12:12;31-05-2005 17:46;George;Linton;george.linton@sakilacustomer.org
81;25-05-2005 12:15;02-06-2005 14:08;Velma;Lucas;velma.lucas@sakilacustomer.org
82;25-05-2005 12:17;01-06-2005 10:48;Jesus;Mccartney;jesus.mccartney@sakilacustomer.org
83;25-05-2005 12:30;27-05-2005 15:40;Monica;Hicks;monica.hicks@sakilacustomer.org
84;25-05-2005 12:36;29-05-2005 18:33;Lester;Kraus;lester.kraus@sakilacustomer.org
85;25-05-2005 13:05;29-05-2005 16:53;Vincent;Ralston;vincent.ralston@sakilacustomer.org
86;25-05-2005 13:36;30-05-2005 14:53;Nora;Herrera;nora.herrera@sakilacustomer.org
87;25-05-2005 13:52;29-05-2005 11:12;Eric;Robert;eric.robert@sakilacustomer.org
88;25-05-2005 14:13;29-05-2005 9:32;Heather;Morris;heather.morris@sakilacustomer.org
89;25-05-2005 14:28;29-05-2005 14:33;Marc;Outlaw;marc.outlaw@sakilacustomer.org
90;25-05-2005 14:31;01-06-2005 10:07;Deborah;Walker;deborah.walker@sakilacustomer.org
91;25-05-2005 14:57;01-06-2005 18:32;Margie;Wade;margie.wade@sakilacustomer.org
92;25-05-2005 15:38;31-05-2005 13:40;Michael;Silverman;michael.silverman@sakilacustomer.org
93;25-05-2005 15:54;03-06-2005 20:18;Bobbie;Craig;bobbie.craig@sakilacustomer.org
94;25-05-2005 16:03;30-05-2005 14:23;Sue;Peters;sue.peters@sakilacustomer.org
95;25-05-2005 16:12;02-06-2005 18:55;Bryan;Hardison;bryan.hardison@sakilacustomer.org
96;25-05-2005 16:32;30-05-2005 10:47;Joyce;Edwards;joyce.edwards@sakilacustomer.org
97;25-05-2005 16:34;28-05-2005 12:13;Hilda;Hopkins;hilda.hopkins@sakilacustomer.org
98;25-05-2005 16:48;27-05-2005 11:29;Cassandra;Walters;cassandra.walters@sakilacustomer.org
99;25-05-2005 16:50;28-05-2005 18:52;Marie;Turner;marie.turner@sakilacustomer.org
100;25-05-2005 16:50;02-06-2005 22:11;Lucy;Wheeler;lucy.wheeler@sakilacustomer.org
101;25-05-2005 17:17;31-05-2005 19:47;Tim;Cary;tim.cary@sakilacustomer.org
102;25-05-2005 17:22;31-05-2005 19:47;Douglas;Graf;douglas.graf@sakilacustomer.org
103;25-05-2005 17:30;03-06-2005 22:36;Ernest;Stepp;ernest.stepp@sakilacustomer.org
104;25-05-2005 17:46;27-05-2005 15:20;Daniel;Cabral;daniel.cabral@sakilacustomer.org
105;25-05-2005 17:54;30-05-2005 12:03;Tracy;Cole;tracy.cole@sakilacustomer.org
106;25-05-2005 18:18;04-06-2005 0:01;Alma;Austin;alma.austin@sakilacustomer.org
107;25-05-2005 18:28;03-06-2005 22:46;Edward;Baugh;edward.baugh@sakilacustomer.org
108;25-05-2005 18:30;30-05-2005 19:40;Glenda;Frazier;glenda.frazier@sakilacustomer.org
109;25-05-2005 18:40;29-05-2005 20:39;Angel;Barclay;angel.barclay@sakilacustomer.org
110;25-05-2005 18:43;03-06-2005 18:13;Ruth;Martinez;ruth.martinez@sakilacustomer.org
111;25-05-2005 18:45;28-05-2005 17:18;Colleen;Burton;colleen.burton@sakilacustomer.org
112;25-05-2005 18:57;02-06-2005 20:44;Reginald;Kinder;reginald.kinder@sakilacustomer.org
113;25-05-2005 19:07;27-05-2005 22:16;Phyllis;Foster;phyllis.foster@sakilacustomer.org
114;25-05-2005 19:12;01-06-2005 23:10;Leslie;Seward;leslie.seward@sakilacustomer.org
115;25-05-2005 19:13;29-05-2005 20:17;Jon;Wiles;jon.wiles@sakilacustomer.org
116;25-05-2005 19:27;26-05-2005 16:23;Carol;Garcia;carol.garcia@sakilacustomer.org
117;25-05-2005 19:30;31-05-2005 23:59;Maria;Miller;maria.miller@sakilacustomer.org
118;25-05-2005 19:31;31-05-2005 15:00;Jared;Ely;jared.ely@sakilacustomer.org
119;25-05-2005 19:37;29-05-2005 23:51;Alice;Stewart;alice.stewart@sakilacustomer.org
120;25-05-2005 19:37;01-06-2005 23:29;Bruce;Schwarz;bruce.schwarz@sakilacustomer.org
121;25-05-2005 19:41;29-05-2005 21:31;Leonard;Schofield;leonard.schofield@sakilacustomer.org
122;25-05-2005 19:46;02-06-2005 19:07;Priscilla;Lowe;priscilla.lowe@sakilacustomer.org
123;25-05-2005 20:26;26-05-2005 19:41;Christine;Roberts;christine.roberts@sakilacustomer.org
124;25-05-2005 20:46;30-05-2005 0:47;Marian;Mendoza;marian.mendoza@sakilacustomer.org
125;25-05-2005 20:48;02-06-2005 21:39;Harry;Arce;harry.arce@sakilacustomer.org
126;25-05-2005 21:07;28-05-2005 18:51;Alexander;Fennell;alexander.fennell@sakilacustomer.org
127;25-05-2005 21:10;02-06-2005 21:38;Norma;Gonzales;norma.gonzales@sakilacustomer.org
128;25-05-2005 21:19;29-05-2005 23:34;Amanda;Carter;amanda.carter@sakilacustomer.org
129;25-05-2005 21:20;04-06-2005 1:25;Sarah;Lewis;sarah.lewis@sakilacustomer.org
130;25-05-2005 21:21;30-05-2005 22:41;Gloria;Cook;gloria.cook@sakilacustomer.org
131;25-05-2005 21:42;30-05-2005 23:25;Timothy;Bunn;timothy.bunn@sakilacustomer.org
132;25-05-2005 21:46;31-05-2005 21:02;Zachary;Hite;zachary.hite@sakilacustomer.org
133;25-05-2005 21:48;30-05-2005 0:26;Tanya;Gilbert;tanya.gilbert@sakilacustomer.org
134;25-05-2005 21:48;02-06-2005 18:28;Delores;Hansen;delores.hansen@sakilacustomer.org
135;25-05-2005 21:58;03-06-2005 17:50;David;Royal;david.royal@sakilacustomer.org
136;25-05-2005 22:02;31-05-2005 18:06;Nathaniel;Adam;nathaniel.adam@sakilacustomer.org
137;25-05-2005 22:25;01-06-2005 2:30;Jordan;Archuleta;jordan.archuleta@sakilacustomer.org
138;25-05-2005 22:48;29-05-2005 20:21;Kirk;Stclair;kirk.stclair@sakilacustomer.org
139;25-05-2005 23:00;29-05-2005 17:12;Marsha;Douglas;marsha.douglas@sakilacustomer.org
140;25-05-2005 23:34;27-05-2005 1:10;Justin;Ngo;justin.ngo@sakilacustomer.org
141;25-05-2005 23:34;02-06-2005 1:57;Julia;Flores;julia.flores@sakilacustomer.org
142;25-05-2005 23:43;29-05-2005 0:46;Greg;Robins;greg.robins@sakilacustomer.org
143;25-05-2005 23:45;27-05-2005 21:41;Sherri;Rhodes;sherri.rhodes@sakilacustomer.org
144;25-05-2005 23:49;01-06-2005 21:41;Keith;Rico;keith.rico@sakilacustomer.org
145;25-05-2005 23:59;31-05-2005 2:56;Kathryn;Coleman;kathryn.coleman@sakilacustomer.org
146;26-05-2005 0:07;04-06-2005 0:20;Don;Bone;don.bone@sakilacustomer.org
147;26-05-2005 0:17;29-05-2005 23:21;Naomi;Jennings;naomi.jennings@sakilacustomer.org
148;26-05-2005 0:25;01-06-2005 19:29;April;Burns;april.burns@sakilacustomer.org
149;26-05-2005 0:28;02-06-2005 21:30;Ronald;Weiner;ronald.weiner@sakilacustomer.org
150;26-05-2005 0:28;01-06-2005 2:10;Frederick;Isbell;frederick.isbell@sakilacustomer.org
151;26-05-2005 0:37;30-05-2005 6:28;Betty;White;betty.white@sakilacustomer.org
152;26-05-2005 0:41;03-06-2005 6:05;Evelyn;Morgan;evelyn.morgan@sakilacustomer.org
153;26-05-2005 0:47;27-05-2005 21:28;Roger;Quintanilla;roger.quintanilla@sakilacustomer.org
154;26-05-2005 0:55;29-05-2005 23:18;Roberta;Harper;roberta.harper@sakilacustomer.org
155;26-05-2005 1:15;01-06-2005 0:03;Clayton;Barbee;clayton.barbee@sakilacustomer.org
156;26-05-2005 1:19;27-05-2005 23:43;Warren;Sherrod;warren.sherrod@sakilacustomer.org
157;26-05-2005 1:25;26-05-2005 21:17;Henry;Billingsley;henry.billingsley@sakilacustomer.org
158;26-05-2005 1:27;03-06-2005 0:30;Justin;Ngo;justin.ngo@sakilacustomer.org
159;26-05-2005 1:34;29-05-2005 4:00;Rafael;Abney;rafael.abney@sakilacustomer.org
160;26-05-2005 1:46;01-06-2005 5:45;Kristina;Chambers;kristina.chambers@sakilacustomer.org
161;26-05-2005 1:51;27-05-2005 5:42;Renee;Lane;renee.lane@sakilacustomer.org
162;26-05-2005 2:02;27-05-2005 3:38;Ramona;Hale;ramona.hale@sakilacustomer.org
163;26-05-2005 2:26;04-06-2005 6:36;Rita;Graham;rita.graham@sakilacustomer.org
164;26-05-2005 2:26;28-05-2005 0:32;Megan;Palmer;megan.palmer@sakilacustomer.org
165;26-05-2005 2:28;02-06-2005 3:21;Anna;Hill;anna.hill@sakilacustomer.org
166;26-05-2005 2:49;31-05-2005 1:28;Jason;Morrissey;jason.morrissey@sakilacustomer.org
167;26-05-2005 2:50;27-05-2005 3:07;Tony;Carranza;tony.carranza@sakilacustomer.org
168;26-05-2005 3:07;02-06-2005 2:09;Wesley;Bull;wesley.bull@sakilacustomer.org
169;26-05-2005 3:09;27-05-2005 1:37;Bobby;Boudreau;bobby.boudreau@sakilacustomer.org
170;26-05-2005 3:11;02-06-2005 3:53;Florence;Woods;florence.woods@sakilacustomer.org
171;26-05-2005 3:14;03-06-2005 0:24;Bryan;Hardison;bryan.hardison@sakilacustomer.org
172;26-05-2005 3:17;29-05-2005 4:11;June;Carroll;june.carroll@sakilacustomer.org
173;26-05-2005 3:42;28-05-2005 1:37;Jessie;Milam;jessie.milam@sakilacustomer.org
174;26-05-2005 3:44;28-05-2005 7:13;Hugh;Waldrop;hugh.waldrop@sakilacustomer.org
175;26-05-2005 3:46;03-06-2005 6:01;Frances;Parker;frances.parker@sakilacustomer.org
176;26-05-2005 3:47;01-06-2005 2:36;Jo;Fowler;jo.fowler@sakilacustomer.org
177;26-05-2005 4:14;01-06-2005 8:16;Allan;Cornish;allan.cornish@sakilacustomer.org
178;26-05-2005 4:21;04-06-2005 7:09;Alma;Austin;alma.austin@sakilacustomer.org
179;26-05-2005 4:26;03-06-2005 10:06;Ruth;Martinez;ruth.martinez@sakilacustomer.org
180;26-05-2005 4:46;01-06-2005 9:58;Tammy;Sanders;tammy.sanders@sakilacustomer.org
181;26-05-2005 4:47;29-05-2005 6:34;Sergio;Stanfield;sergio.stanfield@sakilacustomer.org
182;26-05-2005 4:49;01-06-2005 5:43;Tanya;Gilbert;tanya.gilbert@sakilacustomer.org
183;26-05-2005 5:01;01-06-2005 9:04;Maxine;Silva;maxine.silva@sakilacustomer.org
184;26-05-2005 5:29;28-05-2005 10:10;Armando;Gruber;armando.gruber@sakilacustomer.org
185;26-05-2005 5:30;02-06-2005 9:48;Ethel;Webb;ethel.webb@sakilacustomer.org
186;26-05-2005 5:32;03-06-2005 7:19;Tim;Cary;tim.cary@sakilacustomer.org
187;26-05-2005 5:42;04-06-2005 0:38;Andre;Rapp;andre.rapp@sakilacustomer.org
188;26-05-2005 5:47;26-05-2005 23:48;Lydia;Burke;lydia.burke@sakilacustomer.org
189;26-05-2005 6:01;27-05-2005 6:11;Stella;Moreno;stella.moreno@sakilacustomer.org
190;26-05-2005 6:11;01-06-2005 9:44;Jessie;Milam;jessie.milam@sakilacustomer.org
191;26-05-2005 6:14;28-05-2005 5:33;Allen;Butterfield;allen.butterfield@sakilacustomer.org
192;26-05-2005 6:20;02-06-2005 10:57;Randall;Neumann;randall.neumann@sakilacustomer.org
193;26-05-2005 6:41;30-05-2005 6:21;Leah;Curtis;leah.curtis@sakilacustomer.org
194;26-05-2005 6:52;30-05-2005 4:08;Angela;Hernandez;angela.hernandez@sakilacustomer.org
195;26-05-2005 6:52;31-05-2005 2:47;Bob;Pfeiffer;bob.pfeiffer@sakilacustomer.org
196;26-05-2005 6:55;27-05-2005 10:54;Vivian;Ruiz;vivian.ruiz@sakilacustomer.org
197;26-05-2005 6:59;03-06-2005 5:04;Kelly;Knott;kelly.knott@sakilacustomer.org
198;26-05-2005 7:03;04-06-2005 11:45;Teresa;Rogers;teresa.rogers@sakilacustomer.org
199;26-05-2005 7:11;28-05-2005 9:06;Kathy;James;kathy.james@sakilacustomer.org
200;26-05-2005 7:12;31-05-2005 12:07;Kevin;Schuler;kevin.schuler@sakilacustomer.org
201;26-05-2005 7:13;04-06-2005 2:02;Marcus;Hidalgo;marcus.hidalgo@sakilacustomer.org
202;26-05-2005 7:27;02-06-2005 3:52;Sharon;Robinson;esto_es_una_prueba@gmail.com
203;26-05-2005 7:27;03-06-2005 12:52;Edna;West;edna.west@sakilacustomer.org
204;26-05-2005 7:30;30-05-2005 8:11;Claude;Herzog;claude.herzog@sakilacustomer.org
205;26-05-2005 7:59;29-05-2005 9:43;Grace;Ellis;grace.ellis@sakilacustomer.org
206;26-05-2005 8:01;27-05-2005 6:26;Carl;Artis;carl.artis@sakilacustomer.org
207;26-05-2005 8:04;27-05-2005 9:32;Frances;Parker;frances.parker@sakilacustomer.org
208;26-05-2005 8:10;27-05-2005 3:55;Naomi;Jennings;naomi.jennings@sakilacustomer.org
209;26-05-2005 8:14;27-05-2005 9:00;Carlos;Coughlin;carlos.coughlin@sakilacustomer.org
210;26-05-2005 8:14;27-05-2005 12:12;Clarence;Gamez;clarence.gamez@sakilacustomer.org
211;26-05-2005 8:33;28-05-2005 14:09;Beatrice;Arnold;beatrice.arnold@sakilacustomer.org
212;26-05-2005 8:34;30-05-2005 12:46;Cheryl;Murphy;cheryl.murphy@sakilacustomer.org
213;26-05-2005 8:44;31-05-2005 12:33;Chris;Brothers;chris.brothers@sakilacustomer.org
214;26-05-2005 8:48;31-05-2005 4:06;Lillian;Griffin;lillian.griffin@sakilacustomer.org
215;26-05-2005 9:02;28-05-2005 9:45;Sue;Peters;sue.peters@sakilacustomer.org
216;26-05-2005 9:17;03-06-2005 8:21;Lois;Butler;lois.butler@sakilacustomer.org
217;26-05-2005 9:24;31-05-2005 3:24;Josephine;Gomez;josephine.gomez@sakilacustomer.org
218;26-05-2005 9:27;04-06-2005 11:53;Christopher;Greco;christopher.greco@sakilacustomer.org
219;26-05-2005 9:41;28-05-2005 4:40;Ricardo;Meador;ricardo.meador@sakilacustomer.org
220;26-05-2005 10:06;01-06-2005 7:43;Lonnie;Tirado;lonnie.tirado@sakilacustomer.org
221;26-05-2005 10:14;29-05-2005 5:57;Leslie;Gordon;leslie.gordon@sakilacustomer.org
222;26-05-2005 10:14;31-05-2005 8:36;Louise;Jenkins;louise.jenkins@sakilacustomer.org
223;26-05-2005 10:15;30-05-2005 11:43;Leon;Bostic;leon.bostic@sakilacustomer.org
224;26-05-2005 10:18;04-06-2005 6:59;Brian;Wyman;brian.wyman@sakilacustomer.org
225;26-05-2005 10:27;01-06-2005 7:01;Alvin;Deloach;alvin.deloach@sakilacustomer.org
226;26-05-2005 10:44;31-05-2005 13:26;Bessie;Morrison;bessie.morrison@sakilacustomer.org
227;26-05-2005 10:51;30-05-2005 7:24;Robert;Baughman;robert.baughman@sakilacustomer.org
228;26-05-2005 10:54;04-06-2005 9:39;Johnnie;Chisholm;johnnie.chisholm@sakilacustomer.org
229;26-05-2005 11:19;31-05-2005 11:56;Mark;Rinehart;mark.rinehart@sakilacustomer.org
230;26-05-2005 11:31;30-05-2005 15:22;Jean;Bell;jean.bell@sakilacustomer.org
231;26-05-2005 11:31;27-05-2005 7:27;Bruce;Schwarz;bruce.schwarz@sakilacustomer.org
232;26-05-2005 11:38;27-05-2005 8:42;Mabel;Holland;mabel.holland@sakilacustomer.org
233;26-05-2005 11:43;28-05-2005 17:28;Jamie;Waugh;jamie.waugh@sakilacustomer.org
234;26-05-2005 11:47;03-06-2005 10:39;Casey;Mena;casey.mena@sakilacustomer.org
235;26-05-2005 11:51;04-06-2005 9:36;Sherry;Marshall;sherry.marshall@sakilacustomer.org
236;26-05-2005 11:53;28-05-2005 13:55;Theodore;Culp;theodore.culp@sakilacustomer.org
237;26-05-2005 12:15;29-05-2005 18:10;Fernando;Churchill;fernando.churchill@sakilacustomer.org
238;26-05-2005 12:30;27-05-2005 6:49;Stacey;Montgomery;stacey.montgomery@sakilacustomer.org
239;26-05-2005 12:30;01-06-2005 13:26;Joyce;Edwards;joyce.edwards@sakilacustomer.org
240;26-05-2005 12:40;04-06-2005 7:22;Gladys;Hamilton;gladys.hamilton@sakilacustomer.org
241;26-05-2005 12:49;28-05-2005 11:43;Courtney;Day;courtney.day@sakilacustomer.org
242;26-05-2005 13:05;02-06-2005 15:26;Kristin;Johnston;kristin.johnston@sakilacustomer.org
243;26-05-2005 13:06;03-06-2005 17:28;Lance;Pemberton;lance.pemberton@sakilacustomer.org
244;26-05-2005 13:40;31-05-2005 11:58;Marsha;Douglas;marsha.douglas@sakilacustomer.org
245;26-05-2005 13:46;27-05-2005 9:58;Veronica;Stone;veronica.stone@sakilacustomer.org
246;26-05-2005 13:57;29-05-2005 10:12;Marlene;Welch;marlene.welch@sakilacustomer.org
247;26-05-2005 14:01;28-05-2005 13:38;Crystal;Ford;crystal.ford@sakilacustomer.org
248;26-05-2005 14:07;31-05-2005 14:03;Julio;Noland;julio.noland@sakilacustomer.org
249;26-05-2005 14:19;28-05-2005 17:47;Greg;Robins;greg.robins@sakilacustomer.org
250;26-05-2005 14:30;27-05-2005 8:50;Mathew;Bolin;mathew.bolin@sakilacustomer.org
251;26-05-2005 14:35;29-05-2005 17:17;Rosemary;Schmidt;rosemary.schmidt@sakilacustomer.org
252;26-05-2005 14:39;02-06-2005 14:48;Brittany;Riley;brittany.riley@sakilacustomer.org
253;26-05-2005 14:43;27-05-2005 12:21;Jeffery;Pinson;jeffery.pinson@sakilacustomer.org
254;26-05-2005 14:43;31-05-2005 9:19;Shawn;Heaton;shawn.heaton@sakilacustomer.org
255;26-05-2005 14:52;27-05-2005 12:45;Grace;Ellis;grace.ellis@sakilacustomer.org
256;26-05-2005 15:20;31-05-2005 15:58;Troy;Quigley;troy.quigley@sakilacustomer.org
257;26-05-2005 15:27;29-05-2005 16:25;Louis;Leone;louis.leone@sakilacustomer.org
258;26-05-2005 15:28;30-05-2005 18:38;Brett;Cornwell;brett.cornwell@sakilacustomer.org
259;26-05-2005 15:32;04-06-2005 15:27;Maurice;Crawley;maurice.crawley@sakilacustomer.org
260;26-05-2005 15:42;31-05-2005 13:21;Michelle;Clark;michelle.clark@sakilacustomer.org
261;26-05-2005 15:44;02-06-2005 9:47;Vincent;Ralston;vincent.ralston@sakilacustomer.org
262;26-05-2005 15:46;28-05-2005 15:49;Marcia;Dean;marcia.dean@sakilacustomer.org
263;26-05-2005 15:47;30-05-2005 10:07;Oscar;Aquino;oscar.aquino@sakilacustomer.org
264;26-05-2005 16:00;27-05-2005 10:12;Vickie;Brewer;vickie.brewer@sakilacustomer.org
265;26-05-2005 16:07;01-06-2005 14:20;William;Satterfield;william.satterfield@sakilacustomer.org
266;26-05-2005 16:08;27-05-2005 10:55;Hilda;Hopkins;hilda.hopkins@sakilacustomer.org
267;26-05-2005 16:16;30-05-2005 16:53;Travis;Estep;travis.estep@sakilacustomer.org
268;26-05-2005 16:19;27-05-2005 14:35;Tammy;Sanders;tammy.sanders@sakilacustomer.org
269;26-05-2005 16:19;27-05-2005 15:59;Jason;Morrissey;jason.morrissey@sakilacustomer.org
270;26-05-2005 16:20;03-06-2005 12:40;Jeanne;Lawson;jeanne.lawson@sakilacustomer.org
271;26-05-2005 16:22;03-06-2005 17:30;Tina;Simmons;tina.simmons@sakilacustomer.org
272;26-05-2005 16:27;03-06-2005 13:10;Kathy;James;kathy.james@sakilacustomer.org
273;26-05-2005 16:29;29-05-2005 18:49;Katie;Elliott;katie.elliott@sakilacustomer.org
274;26-05-2005 16:48;03-06-2005 18:17;Paul;Trout;paul.trout@sakilacustomer.org
275;26-05-2005 17:09;04-06-2005 22:35;Pauline;Henry;pauline.henry@sakilacustomer.org
276;26-05-2005 17:16;03-06-2005 12:59;Jean;Bell;jean.bell@sakilacustomer.org
277;26-05-2005 17:32;28-05-2005 22:54;Janet;Phillips;janet.phillips@sakilacustomer.org
278;26-05-2005 17:40;02-06-2005 16:43;Kristin;Johnston;kristin.johnston@sakilacustomer.org
279;26-05-2005 18:02;03-06-2005 18:48;Ernest;Stepp;ernest.stepp@sakilacustomer.org
280;26-05-2005 18:36;27-05-2005 23:42;Sally;Pierce;sally.pierce@sakilacustomer.org
281;26-05-2005 18:49;27-05-2005 18:11;Andy;Vanhorn;andy.vanhorn@sakilacustomer.org
282;26-05-2005 18:56;01-06-2005 16:32;Jenny;Castro;jenny.castro@sakilacustomer.org
283;26-05-2005 19:05;31-05-2005 19:19;Glenda;Frazier;glenda.frazier@sakilacustomer.org
284;26-05-2005 19:21;04-06-2005 14:18;Willie;Markham;willie.markham@sakilacustomer.org
285;26-05-2005 19:41;31-05-2005 16:58;Lauren;Hudson;lauren.hudson@sakilacustomer.org
286;26-05-2005 19:44;04-06-2005 18:00;Billy;Poulin;billy.poulin@sakilacustomer.org
287;26-05-2005 19:44;02-06-2005 1:10;Donna;Thompson;donna.thompson@sakilacustomer.org
288;26-05-2005 19:47;03-06-2005 20:53;Kathryn;Coleman;kathryn.coleman@sakilacustomer.org
289;26-05-2005 20:01;28-05-2005 15:09;Andrea;Henderson;andrea.henderson@sakilacustomer.org
290;26-05-2005 20:08;30-05-2005 0:32;Frederick;Isbell;frederick.isbell@sakilacustomer.org
291;26-05-2005 20:20;03-06-2005 2:06;Clifton;Malcolm;clifton.malcolm@sakilacustomer.org
292;26-05-2005 20:22;05-06-2005 0:58;Andre;Rapp;andre.rapp@sakilacustomer.org
293;26-05-2005 20:27;03-06-2005 16:45;Veronica;Stone;veronica.stone@sakilacustomer.org
294;26-05-2005 20:29;28-05-2005 17:20;Fred;Wheat;fred.wheat@sakilacustomer.org
295;26-05-2005 20:33;27-05-2005 18:23;Rose;Howard;rose.howard@sakilacustomer.org
296;26-05-2005 20:35;04-06-2005 2:31;Tim;Cary;tim.cary@sakilacustomer.org
297;26-05-2005 20:48;27-05-2005 19:52;Ann;Evans;ann.evans@sakilacustomer.org
298;26-05-2005 20:52;29-05-2005 22:08;Leon;Bostic;leon.bostic@sakilacustomer.org
299;26-05-2005 20:55;28-05-2005 0:25;Miguel;Betancourt;miguel.betancourt@sakilacustomer.org
300;26-05-2005 20:57;05-06-2005 1:34;Frances;Parker;frances.parker@sakilacustomer.org
301;26-05-2005 21:06;01-06-2005 1:54;Naomi;Jennings;naomi.jennings@sakilacustomer.org
302;26-05-2005 21:13;03-06-2005 15:49;Jesse;Schilling;jesse.schilling@sakilacustomer.org
303;26-05-2005 21:16;27-05-2005 23:41;Enrique;Forsythe;enrique.forsythe@sakilacustomer.org
304;26-05-2005 21:21;02-06-2005 0:05;Christian;Jung;christian.jung@sakilacustomer.org
305;26-05-2005 21:22;02-06-2005 22:33;Jerome;Kenyon;jerome.kenyon@sakilacustomer.org
306;26-05-2005 21:31;28-05-2005 19:37;Kurt;Emmons;kurt.emmons@sakilacustomer.org
307;26-05-2005 21:48;04-06-2005 22:24;Aaron;Selby;aaron.selby@sakilacustomer.org
308;26-05-2005 22:01;04-06-2005 20:24;Olga;Jimenez;olga.jimenez@sakilacustomer.org
309;26-05-2005 22:38;02-06-2005 3:10;Vickie;Brewer;vickie.brewer@sakilacustomer.org
310;26-05-2005 22:41;02-06-2005 4:09;Rodney;Moeller;rodney.moeller@sakilacustomer.org
311;26-05-2005 22:51;01-06-2005 0:02;Vicki;Fields;vicki.fields@sakilacustomer.org
312;26-05-2005 22:52;02-06-2005 18:14;Leslie;Gordon;leslie.gordon@sakilacustomer.org
313;26-05-2005 22:56;29-05-2005 1:29;Eduardo;Hiatt;eduardo.hiatt@sakilacustomer.org
314;26-05-2005 23:09;28-05-2005 22:49;Tara;Ryan;tara.ryan@sakilacustomer.org
315;26-05-2005 23:12;29-05-2005 23:33;Nellie;Garrett;nellie.garrett@sakilacustomer.org
316;26-05-2005 23:22;29-05-2005 23:25;Dora;Medina;dora.medina@sakilacustomer.org
317;26-05-2005 23:23;01-06-2005 19:56;Clarence;Gamez;clarence.gamez@sakilacustomer.org
318;26-05-2005 23:37;03-06-2005 4:31;Mildred;Bailey;mildred.bailey@sakilacustomer.org
319;26-05-2005 23:52;30-05-2005 18:55;Jane;Bennett;jane.bennett@sakilacustomer.org
320;27-05-2005 0:09;28-05-2005 4:30;Patricia;Johnson;patricia.johnson@sakilacustomer.org
322;27-05-2005 0:47;02-06-2005 0:32;Tyler;Wren;tyler.wren@sakilacustomer.org
323;27-05-2005 0:49;30-05-2005 3:12;Clara;Shaw;clara.shaw@sakilacustomer.org
324;27-05-2005 1:00;30-05-2005 4:27;Misty;Lambert;misty.lambert@sakilacustomer.org
325;27-05-2005 1:09;31-05-2005 7:01;Oscar;Aquino;oscar.aquino@sakilacustomer.org
326;27-05-2005 1:10;04-06-2005 20:25;Edwin;Burk;edwin.burk@sakilacustomer.org
327;27-05-2005 1:18;04-06-2005 4:06;Dawn;Sullivan;dawn.sullivan@sakilacustomer.org
328;27-05-2005 1:29;01-06-2005 2:27;Jim;Rea;jim.rea@sakilacustomer.org
329;27-05-2005 1:57;31-05-2005 4:19;Georgia;Jacobs;georgia.jacobs@sakilacustomer.org
330;27-05-2005 2:15;04-06-2005 5:09;Caroline;Bowman;caroline.bowman@sakilacustomer.org
331;27-05-2005 2:22;05-06-2005 0:25;Kelly;Torres;kelly.torres@sakilacustomer.org
332;27-05-2005 2:27;03-06-2005 1:26;James;Gannon;james.gannon@sakilacustomer.org
333;27-05-2005 2:52;01-06-2005 0:55;Allen;Butterfield;allen.butterfield@sakilacustomer.org
334;27-05-2005 3:03;29-05-2005 3:54;Kristen;Chavez;kristen.chavez@sakilacustomer.org
335;27-05-2005 3:07;05-06-2005 0:15;Sandra;Martin;sandra.martin@sakilacustomer.org
336;27-05-2005 3:15;29-05-2005 22:43;Carole;Barnett;carole.barnett@sakilacustomer.org
337;27-05-2005 3:22;02-06-2005 3:27;Ruth;Martinez;ruth.martinez@sakilacustomer.org
338;27-05-2005 3:42;01-06-2005 5:23;Lorraine;Stephens;lorraine.stephens@sakilacustomer.org
339;27-05-2005 3:47;04-06-2005 5:46;Elmer;Noe;elmer.noe@sakilacustomer.org
340;27-05-2005 3:55;04-06-2005 7:57;Tonya;Chapman;tonya.chapman@sakilacustomer.org
341;27-05-2005 4:01;05-06-2005 8:51;Gloria;Cook;gloria.cook@sakilacustomer.org
342;27-05-2005 4:11;29-05-2005 1:28;Mathew;Bolin;mathew.bolin@sakilacustomer.org
343;27-05-2005 4:13;28-05-2005 8:34;Jon;Wiles;jon.wiles@sakilacustomer.org
344;27-05-2005 4:30;29-05-2005 10:13;Marcia;Dean;marcia.dean@sakilacustomer.org
345;27-05-2005 4:32;31-05-2005 9:50;Clara;Shaw;clara.shaw@sakilacustomer.org
346;27-05-2005 4:34;05-06-2005 4:24;Betty;White;betty.white@sakilacustomer.org
347;27-05-2005 4:40;28-05-2005 9:56;Eugene;Culpepper;eugene.culpepper@sakilacustomer.org
348;27-05-2005 4:50;01-06-2005 4:43;Jorge;Olivares;jorge.olivares@sakilacustomer.org
349;27-05-2005 4:53;28-05-2005 6:33;Kathleen;Adams;kathleen.adams@sakilacustomer.org
350;27-05-2005 5:01;04-06-2005 5:01;Margaret;Moore;margaret.moore@sakilacustomer.org
351;27-05-2005 5:39;01-06-2005 11:10;Kim;Cruz;kim.cruz@sakilacustomer.org
352;27-05-2005 5:48;29-05-2005 9:05;Darlene;Rose;darlene.rose@sakilacustomer.org
353;27-05-2005 6:03;03-06-2005 4:39;Angel;Barclay;angel.barclay@sakilacustomer.org
354;27-05-2005 6:12;01-06-2005 6:48;Tom;Milner;tom.milner@sakilacustomer.org
355;27-05-2005 6:15;01-06-2005 2:50;Theodore;Culp;theodore.culp@sakilacustomer.org
356;27-05-2005 6:32;30-05-2005 6:24;Victor;Barkley;victor.barkley@sakilacustomer.org
357;27-05-2005 6:37;30-05-2005 7:04;Elsie;Kelley;elsie.kelley@sakilacustomer.org
358;27-05-2005 6:43;29-05-2005 11:28;Crystal;Ford;crystal.ford@sakilacustomer.org
359;27-05-2005 6:48;29-05-2005 3:55;Alicia;Mills;alicia.mills@sakilacustomer.org
360;27-05-2005 6:51;03-06-2005 1:58;Eduardo;Hiatt;eduardo.hiatt@sakilacustomer.org
361;27-05-2005 7:03;31-05-2005 8:01;Sergio;Stanfield;sergio.stanfield@sakilacustomer.org
362;27-05-2005 7:10;01-06-2005 8:34;Joanne;Robertson;joanne.robertson@sakilacustomer.org
363;27-05-2005 7:14;28-05-2005 12:22;Carl;Artis;carl.artis@sakilacustomer.org
364;27-05-2005 7:20;31-05-2005 10:44;Ray;Houle;ray.houle@sakilacustomer.org
365;27-05-2005 7:31;04-06-2005 4:46;Sally;Pierce;sally.pierce@sakilacustomer.org
366;27-05-2005 7:33;04-06-2005 1:55;Emma;Boyd;emma.boyd@sakilacustomer.org
367;27-05-2005 7:37;30-05-2005 5:43;Alexander;Fennell;alexander.fennell@sakilacustomer.org
368;27-05-2005 7:42;04-06-2005 11:20;Lawrence;Lawton;lawrence.lawton@sakilacustomer.org
369;27-05-2005 7:46;01-06-2005 6:20;Milton;Howland;milton.howland@sakilacustomer.org
370;27-05-2005 7:49;05-06-2005 6:39;Laura;Rodriguez;laura.rodriguez@sakilacustomer.org
371;27-05-2005 8:08;05-06-2005 3:05;Daisy;Bates;daisy.bates@sakilacustomer.org
372;27-05-2005 8:13;04-06-2005 3:50;Ben;Easter;ben.easter@sakilacustomer.org
373;27-05-2005 8:16;01-06-2005 11:41;Jerome;Kenyon;jerome.kenyon@sakilacustomer.org
374;27-05-2005 8:26;05-06-2005 7:13;Jerry;Jordon;jerry.jordon@sakilacustomer.org
375;27-05-2005 8:49;04-06-2005 14:11;Charles;Kowalski;charles.kowalski@sakilacustomer.org
376;27-05-2005 8:58;02-06-2005 4:48;Lonnie;Tirado;lonnie.tirado@sakilacustomer.org
377;27-05-2005 9:04;02-06-2005 3:36;Beatrice;Arnold;beatrice.arnold@sakilacustomer.org
378;27-05-2005 9:23;29-05-2005 15:20;Heather;Morris;heather.morris@sakilacustomer.org
379;27-05-2005 9:25;02-06-2005 6:19;Salvador;Teel;salvador.teel@sakilacustomer.org
380;27-05-2005 9:34;04-06-2005 11:45;June;Carroll;june.carroll@sakilacustomer.org
381;27-05-2005 9:43;31-05-2005 12:00;Billy;Poulin;billy.poulin@sakilacustomer.org
382;27-05-2005 10:12;31-05-2005 15:03;Ida;Andrews;ida.andrews@sakilacustomer.org
383;27-05-2005 10:12;03-06-2005 10:37;Erika;Pena;erika.pena@sakilacustomer.org
384;27-05-2005 10:18;02-06-2005 9:21;Billy;Poulin;billy.poulin@sakilacustomer.org
385;27-05-2005 10:23;30-05-2005 15:27;Gina;Williamson;gina.williamson@sakilacustomer.org
386;27-05-2005 10:26;30-05-2005 8:32;Edna;West;edna.west@sakilacustomer.org
387;27-05-2005 10:35;01-06-2005 13:37;Leslie;Seward;leslie.seward@sakilacustomer.org
388;27-05-2005 10:37;30-05-2005 5:45;Cynthia;Young;cynthia.young@sakilacustomer.org
389;27-05-2005 10:45;05-06-2005 6:22;Reginald;Kinder;reginald.kinder@sakilacustomer.org
390;27-05-2005 11:02;02-06-2005 16:09;Ann;Evans;ann.evans@sakilacustomer.org
391;27-05-2005 11:03;01-06-2005 11:59;Sue;Peters;sue.peters@sakilacustomer.org
392;27-05-2005 11:14;01-06-2005 14:28;Willie;Markham;willie.markham@sakilacustomer.org
393;27-05-2005 11:18;28-05-2005 7:10;Vickie;Brewer;vickie.brewer@sakilacustomer.org
394;27-05-2005 11:26;03-06-2005 16:44;Naomi;Jennings;naomi.jennings@sakilacustomer.org
395;27-05-2005 11:45;31-05-2005 13:42;Isaac;Oglesby;isaac.oglesby@sakilacustomer.org
396;27-05-2005 11:47;29-05-2005 10:14;Rosa;Reynolds;rosa.reynolds@sakilacustomer.org
397;27-05-2005 12:29;28-05-2005 17:36;Cody;Nolen;cody.nolen@sakilacustomer.org
398;27-05-2005 12:44;02-06-2005 8:19;Melvin;Ellington;melvin.ellington@sakilacustomer.org
399;27-05-2005 12:48;29-05-2005 15:27;Rosemary;Schmidt;rosemary.schmidt@sakilacustomer.org
400;27-05-2005 12:51;31-05-2005 8:34;Dora;Medina;dora.medina@sakilacustomer.org
401;27-05-2005 12:57;29-05-2005 17:55;Catherine;Campbell;catherine.campbell@sakilacustomer.org
402;27-05-2005 13:17;30-05-2005 8:53;Justin;Ngo;justin.ngo@sakilacustomer.org
403;27-05-2005 13:28;29-05-2005 11:47;Kyle;Spurlock;kyle.spurlock@sakilacustomer.org
404;27-05-2005 13:31;30-05-2005 16:58;Regina;Berry;regina.berry@sakilacustomer.org
405;27-05-2005 13:32;05-06-2005 18:53;Kay;Caldwell;kay.caldwell@sakilacustomer.org
406;27-05-2005 13:46;30-05-2005 12:43;Bobby;Boudreau;bobby.boudreau@sakilacustomer.org
407;27-05-2005 13:57;31-05-2005 18:23;Marie;Turner;marie.turner@sakilacustomer.org
408;27-05-2005 13:57;28-05-2005 11:57;Sara;Perry;sara.perry@sakilacustomer.org
409;27-05-2005 14:10;02-06-2005 10:40;Charlene;Alvarez;charlene.alvarez@sakilacustomer.org
410;27-05-2005 14:11;02-06-2005 20:06;Leslie;Seward;leslie.seward@sakilacustomer.org
411;27-05-2005 14:14;03-06-2005 17:39;Craig;Morrell;craig.morrell@sakilacustomer.org
412;27-05-2005 14:17;29-05-2005 15:07;Aaron;Selby;aaron.selby@sakilacustomer.org
413;27-05-2005 14:45;03-06-2005 11:11;Joseph;Joy;joseph.joy@sakilacustomer.org
414;27-05-2005 14:48;31-05-2005 14:39;Willie;Howell;willie.howell@sakilacustomer.org
415;27-05-2005 14:51;28-05-2005 19:07;David;Royal;david.royal@sakilacustomer.org
416;27-05-2005 15:02;29-05-2005 10:34;Delores;Hansen;delores.hansen@sakilacustomer.org
417;27-05-2005 15:07;29-05-2005 20:01;Pedro;Chestnut;pedro.chestnut@sakilacustomer.org
418;27-05-2005 15:13;04-06-2005 12:05;Megan;Palmer;megan.palmer@sakilacustomer.org
419;27-05-2005 15:15;02-06-2005 11:53;Jane;Bennett;jane.bennett@sakilacustomer.org
420;27-05-2005 15:19;03-06-2005 15:07;Phyllis;Foster;phyllis.foster@sakilacustomer.org
421;27-05-2005 15:30;04-06-2005 13:19;Marian;Mendoza;marian.mendoza@sakilacustomer.org
422;27-05-2005 15:31;01-06-2005 11:47;Danielle;Daniels;danielle.daniels@sakilacustomer.org
423;27-05-2005 15:32;02-06-2005 19:03;Sonia;Gregory;sonia.gregory@sakilacustomer.org
424;27-05-2005 15:34;05-06-2005 9:44;Virginia;Green;virginia.green@sakilacustomer.org
425;27-05-2005 15:51;03-06-2005 16:52;Renee;Lane;renee.lane@sakilacustomer.org
426;27-05-2005 15:56;05-06-2005 11:45;Arnold;Havens;arnold.havens@sakilacustomer.org
427;27-05-2005 16:10;05-06-2005 13:22;Bobbie;Craig;bobbie.craig@sakilacustomer.org
428;27-05-2005 16:10;31-05-2005 17:24;Geraldine;Perkins;geraldine.perkins@sakilacustomer.org
429;27-05-2005 16:21;05-06-2005 20:23;Gene;Sanborn;gene.sanborn@sakilacustomer.org
430;27-05-2005 16:22;05-06-2005 13:10;Yolanda;Weaver;yolanda.weaver@sakilacustomer.org
431;27-05-2005 16:31;05-06-2005 11:29;Raymond;Mcwhorter;raymond.mcwhorter@sakilacustomer.org
432;27-05-2005 16:40;29-05-2005 16:20;Catherine;Campbell;catherine.campbell@sakilacustomer.org
433;27-05-2005 16:40;30-05-2005 19:55;Julian;Vest;julian.vest@sakilacustomer.org
434;27-05-2005 16:54;04-06-2005 22:26;Marian;Mendoza;marian.mendoza@sakilacustomer.org
435;27-05-2005 17:17;02-06-2005 11:20;Linda;Williams;linda.williams@sakilacustomer.org
436;27-05-2005 17:21;30-05-2005 21:26;Margie;Wade;margie.wade@sakilacustomer.org
437;27-05-2005 17:47;05-06-2005 14:22;Adrian;Clary;adrian.clary@sakilacustomer.org
438;27-05-2005 17:52;05-06-2005 22:23;Dora;Medina;dora.medina@sakilacustomer.org
439;27-05-2005 17:54;02-06-2005 23:01;Ronald;Weiner;ronald.weiner@sakilacustomer.org
440;27-05-2005 18:00;29-05-2005 16:15;George;Linton;george.linton@sakilacustomer.org
441;27-05-2005 18:11;30-05-2005 22:45;Teresa;Rogers;teresa.rogers@sakilacustomer.org
442;27-05-2005 18:12;30-05-2005 12:30;Mike;Way;mike.way@sakilacustomer.org
443;27-05-2005 18:35;04-06-2005 18:58;Kurt;Emmons;kurt.emmons@sakilacustomer.org
444;27-05-2005 18:39;01-06-2005 15:56;Minnie;Romero;minnie.romero@sakilacustomer.org
445;27-05-2005 18:42;30-05-2005 22:35;Mae;Fletcher;mae.fletcher@sakilacustomer.org
446;27-05-2005 18:48;03-06-2005 16:42;Tony;Carranza;tony.carranza@sakilacustomer.org
447;27-05-2005 18:57;05-06-2005 18:38;Pauline;Henry;pauline.henry@sakilacustomer.org
448;27-05-2005 19:03;03-06-2005 20:28;Stella;Moreno;stella.moreno@sakilacustomer.org
449;27-05-2005 19:13;04-06-2005 1:08;Bernice;Willis;bernice.willis@sakilacustomer.org
450;27-05-2005 19:18;05-06-2005 23:52;Stella;Moreno;stella.moreno@sakilacustomer.org
451;27-05-2005 19:27;29-05-2005 1:07;Wanda;Patterson;wanda.patterson@sakilacustomer.org
452;27-05-2005 19:30;30-05-2005 20:53;Elaine;Stevens;elaine.stevens@sakilacustomer.org
453;27-05-2005 19:31;29-05-2005 23:06;Erik;Guillen;erik.guillen@sakilacustomer.org
454;27-05-2005 19:31;30-05-2005 15:46;Isaac;Oglesby;isaac.oglesby@sakilacustomer.org
455;27-05-2005 19:43;04-06-2005 23:40;Douglas;Graf;douglas.graf@sakilacustomer.org
456;27-05-2005 19:50;02-06-2005 22:14;Tina;Simmons;tina.simmons@sakilacustomer.org
457;27-05-2005 19:52;02-06-2005 17:17;John;Farnsworth;john.farnsworth@sakilacustomer.org
458;27-05-2005 19:58;06-06-2005 0:51;Jaime;Nettles;jaime.nettles@sakilacustomer.org
459;27-05-2005 20:00;29-05-2005 22:47;Tim;Cary;tim.cary@sakilacustomer.org
460;27-05-2005 20:02;28-05-2005 16:14;Marlene;Welch;marlene.welch@sakilacustomer.org
461;27-05-2005 20:08;01-06-2005 14:32;Clifford;Bowens;clifford.bowens@sakilacustomer.org
462;27-05-2005 20:10;03-06-2005 21:12;Benjamin;Varney;benjamin.varney@sakilacustomer.org
463;27-05-2005 20:11;04-06-2005 21:18;Michelle;Clark;michelle.clark@sakilacustomer.org
464;27-05-2005 20:42;30-05-2005 0:49;Katie;Elliott;katie.elliott@sakilacustomer.org
465;27-05-2005 20:44;02-06-2005 2:43;Deanna;Byrd;deanna.byrd@sakilacustomer.org
466;27-05-2005 20:57;29-05-2005 15:52;Leroy;Bustamante;leroy.bustamante@sakilacustomer.org
467;27-05-2005 21:10;01-06-2005 16:08;Felix;Gaffney;felix.gaffney@sakilacustomer.org
468;27-05-2005 21:13;04-06-2005 15:26;Peggy;Myers;peggy.myers@sakilacustomer.org
469;27-05-2005 21:14;05-06-2005 21:51;Michele;Grant;michele.grant@sakilacustomer.org
470;27-05-2005 21:17;04-06-2005 17:47;Nathaniel;Adam;nathaniel.adam@sakilacustomer.org
471;27-05-2005 21:32;31-05-2005 0:39;Tonya;Chapman;tonya.chapman@sakilacustomer.org
472;27-05-2005 21:36;29-05-2005 21:07;Claude;Herzog;claude.herzog@sakilacustomer.org
473;27-05-2005 21:36;05-06-2005 17:02;Dawn;Sullivan;dawn.sullivan@sakilacustomer.org
474;27-05-2005 22:11;31-05-2005 19:07;Naomi;Jennings;naomi.jennings@sakilacustomer.org
475;27-05-2005 22:16;28-05-2005 19:58;Jill;Hawkins;jill.hawkins@sakilacustomer.org
476;27-05-2005 22:31;03-06-2005 19:12;Lance;Pemberton;lance.pemberton@sakilacustomer.org
477;27-05-2005 22:33;02-06-2005 18:35;Geraldine;Perkins;geraldine.perkins@sakilacustomer.org
478;27-05-2005 22:38;31-05-2005 18:39;Felix;Gaffney;felix.gaffney@sakilacustomer.org
479;27-05-2005 22:39;05-06-2005 22:46;Georgia;Jacobs;georgia.jacobs@sakilacustomer.org
480;27-05-2005 22:47;04-06-2005 21:17;Charlene;Alvarez;charlene.alvarez@sakilacustomer.org
481;27-05-2005 22:49;30-05-2005 17:46;Micheal;Forman;micheal.forman@sakilacustomer.org
482;27-05-2005 22:53;01-06-2005 22:53;Kelly;Knott;kelly.knott@sakilacustomer.org
483;27-05-2005 23:00;28-05-2005 21:30;Amy;Lopez;amy.lopez@sakilacustomer.org
484;27-05-2005 23:26;29-05-2005 21:16;Rick;Mattox;rick.mattox@sakilacustomer.org
485;27-05-2005 23:40;28-05-2005 22:40;Dawn;Sullivan;dawn.sullivan@sakilacustomer.org
486;27-05-2005 23:51;28-05-2005 20:26;Antonio;Meek;antonio.meek@sakilacustomer.org
487;28-05-2005 0:00;28-05-2005 19:18;Dave;Gardiner;dave.gardiner@sakilacustomer.org
488;28-05-2005 0:07;03-06-2005 22:30;Regina;Berry;regina.berry@sakilacustomer.org
489;28-05-2005 0:09;31-05-2005 4:44;Derrick;Bourque;derrick.bourque@sakilacustomer.org
490;28-05-2005 0:09;30-05-2005 22:32;Paula;Bryant;paula.bryant@sakilacustomer.org
491;28-05-2005 0:13;29-05-2005 0:11;Alma;Austin;alma.austin@sakilacustomer.org
492;28-05-2005 0:24;28-05-2005 22:34;Allison;Stanley;allison.stanley@sakilacustomer.org
493;28-05-2005 0:34;30-05-2005 18:40;Ruben;Geary;ruben.geary@sakilacustomer.org
494;28-05-2005 0:39;02-06-2005 19:35;Judith;Cox;judith.cox@sakilacustomer.org
495;28-05-2005 0:40;29-05-2005 6:07;Karl;Seal;karl.seal@sakilacustomer.org
496;28-05-2005 0:43;04-06-2005 3:56;Gloria;Cook;gloria.cook@sakilacustomer.org
497;28-05-2005 0:54;03-06-2005 20:47;Sharon;Robinson;esto_es_una_prueba@gmail.com
498;28-05-2005 1:01;30-05-2005 21:20;Becky;Miles;becky.miles@sakilacustomer.org
499;28-05-2005 1:05;05-06-2005 19:54;Beth;Franklin;beth.franklin@sakilacustomer.org
500;28-05-2005 1:05;31-05-2005 20:04;Lucille;Holmes;lucille.holmes@sakilacustomer.org
501;28-05-2005 1:09;30-05-2005 6:14;Lauren;Hudson;lauren.hudson@sakilacustomer.org
502;28-05-2005 1:34;31-05-2005 1:02;Dana;Hart;dana.hart@sakilacustomer.org
503;28-05-2005 1:35;28-05-2005 22:12;Bobbie;Craig;bobbie.craig@sakilacustomer.org
504;28-05-2005 2:05;30-05-2005 23:03;Beatrice;Arnold;beatrice.arnold@sakilacustomer.org
505;28-05-2005 2:06;29-05-2005 6:57;Carmen;Owens;carmen.owens@sakilacustomer.org
506;28-05-2005 2:09;05-06-2005 20:34;Wesley;Bull;wesley.bull@sakilacustomer.org
507;28-05-2005 2:31;02-06-2005 5:07;Lee;Hawks;lee.hawks@sakilacustomer.org
508;28-05-2005 2:40;05-06-2005 3:05;Eddie;Tomlin;eddie.tomlin@sakilacustomer.org
509;28-05-2005 2:51;31-05-2005 6:27;Joanne;Robertson;joanne.robertson@sakilacustomer.org
510;28-05-2005 2:52;30-05-2005 21:20;Cindy;Fisher;cindy.fisher@sakilacustomer.org
511;28-05-2005 3:04;03-06-2005 4:58;Ramona;Hale;ramona.hale@sakilacustomer.org
512;28-05-2005 3:07;05-06-2005 2:12;Georgia;Jacobs;georgia.jacobs@sakilacustomer.org
513;28-05-2005 3:08;29-05-2005 7:22;Ricardo;Meador;ricardo.meador@sakilacustomer.org
514;28-05-2005 3:09;05-06-2005 0:49;Freddie;Duggan;freddie.duggan@sakilacustomer.org
515;28-05-2005 3:10;04-06-2005 2:18;Tiffany;Jordan;tiffany.jordan@sakilacustomer.org
516;28-05-2005 3:11;04-06-2005 2:19;Bryan;Hardison;bryan.hardison@sakilacustomer.org
517;28-05-2005 3:17;29-05-2005 6:33;Mike;Way;mike.way@sakilacustomer.org
518;28-05-2005 3:18;30-05-2005 5:32;Corey;Hauser;corey.hauser@sakilacustomer.org
519;28-05-2005 3:22;03-06-2005 5:06;Courtney;Day;courtney.day@sakilacustomer.org
520;28-05-2005 3:27;04-06-2005 5:47;Geraldine;Perkins;geraldine.perkins@sakilacustomer.org
521;28-05-2005 3:32;28-05-2005 22:37;Jeremy;Hurtado;jeremy.hurtado@sakilacustomer.org
522;28-05-2005 3:33;31-05-2005 4:23;Victor;Barkley;victor.barkley@sakilacustomer.org
523;28-05-2005 3:53;31-05-2005 5:58;Hazel;Warren;hazel.warren@sakilacustomer.org
524;28-05-2005 3:57;31-05-2005 5:20;Melinda;Fernandez;melinda.fernandez@sakilacustomer.org
525;28-05-2005 4:25;06-06-2005 4:18;Betty;White;betty.white@sakilacustomer.org
526;28-05-2005 4:27;30-05-2005 7:52;Manuel;Murrell;manuel.murrell@sakilacustomer.org
527;28-05-2005 4:28;02-06-2005 8:19;Erica;Matthews;erica.matthews@sakilacustomer.org
528;28-05-2005 4:30;03-06-2005 10:01;Willie;Markham;willie.markham@sakilacustomer.org
529;28-05-2005 4:34;30-05-2005 0:35;Wesley;Bull;wesley.bull@sakilacustomer.org
530;28-05-2005 5:13;01-06-2005 10:21;Mark;Rinehart;mark.rinehart@sakilacustomer.org
531;28-05-2005 5:23;29-05-2005 8:00;Tracy;Herrmann;tracy.herrmann@sakilacustomer.org
532;28-05-2005 5:36;02-06-2005 1:50;Sylvia;Ortiz;sylvia.ortiz@sakilacustomer.org
533;28-05-2005 6:14;01-06-2005 6:26;Claude;Herzog;claude.herzog@sakilacustomer.org
534;28-05-2005 6:15;06-06-2005 7:51;Vivian;Ruiz;vivian.ruiz@sakilacustomer.org
535;28-05-2005 6:16;31-05-2005 2:48;Joseph;Joy;joseph.joy@sakilacustomer.org
536;28-05-2005 6:17;03-06-2005 10:02;Franklin;Troutman;franklin.troutman@sakilacustomer.org
537;28-05-2005 6:20;05-06-2005 11:48;Kenneth;Gooden;kenneth.gooden@sakilacustomer.org
538;28-05-2005 6:21;02-06-2005 1:22;Tiffany;Jordan;tiffany.jordan@sakilacustomer.org
539;28-05-2005 6:26;30-05-2005 2:02;Geraldine;Perkins;geraldine.perkins@sakilacustomer.org
540;28-05-2005 6:40;06-06-2005 0:47;Sherry;Marshall;sherry.marshall@sakilacustomer.org
541;28-05-2005 6:41;02-06-2005 9:12;Javier;Elrod;javier.elrod@sakilacustomer.org
542;28-05-2005 6:42;03-06-2005 9:05;Deanna;Byrd;deanna.byrd@sakilacustomer.org
543;28-05-2005 6:43;06-06-2005 7:16;Brent;Harkins;brent.harkins@sakilacustomer.org
544;28-05-2005 7:03;06-06-2005 6:23;Paul;Trout;paul.trout@sakilacustomer.org
545;28-05-2005 7:10;04-06-2005 1:47;Teresa;Rogers;teresa.rogers@sakilacustomer.org
546;28-05-2005 7:16;01-06-2005 8:36;Sharon;Robinson;esto_es_una_prueba@gmail.com
547;28-05-2005 7:24;06-06-2005 1:31;Leslie;Seward;leslie.seward@sakilacustomer.org
548;28-05-2005 7:34;05-06-2005 3:14;Jay;Robb;jay.robb@sakilacustomer.org
549;28-05-2005 7:35;02-06-2005 9:08;Jill;Hawkins;jill.hawkins@sakilacustomer.org
550;28-05-2005 7:39;06-06-2005 12:20;Edwin;Burk;edwin.burk@sakilacustomer.org
551;28-05-2005 7:44;02-06-2005 12:55;Kenneth;Gooden;kenneth.gooden@sakilacustomer.org
552;28-05-2005 7:53;04-06-2005 12:45;Connie;Wallace;connie.wallace@sakilacustomer.org
553;28-05-2005 8:14;02-06-2005 3:01;June;Carroll;june.carroll@sakilacustomer.org
554;28-05-2005 8:23;31-05-2005 3:29;Randy;Gaither;randy.gaither@sakilacustomer.org
555;28-05-2005 8:31;30-05-2005 7:34;Doris;Reed;doris.reed@sakilacustomer.org
556;28-05-2005 8:31;06-06-2005 7:29;Laura;Rodriguez;laura.rodriguez@sakilacustomer.org
557;28-05-2005 8:36;03-06-2005 10:42;Marcus;Hidalgo;marcus.hidalgo@sakilacustomer.org
558;28-05-2005 8:38;06-06-2005 13:52;Leroy;Bustamante;leroy.bustamante@sakilacustomer.org
559;28-05-2005 8:39;05-06-2005 8:38;Sidney;Burleson;sidney.burleson@sakilacustomer.org
560;28-05-2005 8:53;04-06-2005 12:27;Darrell;Power;darrell.power@sakilacustomer.org
561;28-05-2005 8:54;05-06-2005 5:54;Jane;Bennett;jane.bennett@sakilacustomer.org
562;28-05-2005 9:01;02-06-2005 5:26;Crystal;Ford;crystal.ford@sakilacustomer.org
563;28-05-2005 9:10;06-06-2005 11:32;Gary;Coy;gary.coy@sakilacustomer.org
564;28-05-2005 9:12;29-05-2005 5:07;Jenny;Castro;jenny.castro@sakilacustomer.org
565;28-05-2005 9:26;01-06-2005 7:28;Bobbie;Craig;bobbie.craig@sakilacustomer.org
566;28-05-2005 9:51;05-06-2005 9:35;Terry;Carlson;terry.carlson@sakilacustomer.org
567;28-05-2005 9:56;01-06-2005 6:41;Vivian;Ruiz;vivian.ruiz@sakilacustomer.org
568;28-05-2005 9:57;31-05-2005 15:44;Gail;Knight;gail.knight@sakilacustomer.org
569;28-05-2005 10:12;03-06-2005 10:08;Gloria;Cook;gloria.cook@sakilacustomer.org
570;28-05-2005 10:15;30-05-2005 8:32;Michelle;Clark;michelle.clark@sakilacustomer.org
571;28-05-2005 10:17;05-06-2005 7:56;Elmer;Noe;elmer.noe@sakilacustomer.org
572;28-05-2005 10:30;02-06-2005 5:04;Jerry;Jordon;jerry.jordon@sakilacustomer.org
573;28-05-2005 10:35;03-06-2005 6:32;Mary;Smith;mary.smith@sakilacustomer.org
574;28-05-2005 10:44;04-06-2005 11:42;Irene;Price;irene.price@sakilacustomer.org
575;28-05-2005 10:56;05-06-2005 15:39;April;Burns;april.burns@sakilacustomer.org
576;28-05-2005 10:56;04-06-2005 13:15;Marion;Ocampo;marion.ocampo@sakilacustomer.org
577;28-05-2005 11:09;01-06-2005 13:27;Jennifer;Davis;jennifer.davis@sakilacustomer.org
578;28-05-2005 11:15;02-06-2005 9:59;Audrey;Ray;audrey.ray@sakilacustomer.org
579;28-05-2005 11:19;02-06-2005 13:51;Ana;Bradley;ana.bradley@sakilacustomer.org
580;28-05-2005 11:19;01-06-2005 10:44;Donna;Thompson;donna.thompson@sakilacustomer.org
581;28-05-2005 11:20;04-06-2005 12:37;Holly;Fox;holly.fox@sakilacustomer.org
582;28-05-2005 11:33;29-05-2005 8:33;Elsie;Kelley;elsie.kelley@sakilacustomer.org
583;28-05-2005 11:48;04-06-2005 7:09;Todd;Tan;todd.tan@sakilacustomer.org
584;28-05-2005 11:49;01-06-2005 11:54;Judy;Gray;judy.gray@sakilacustomer.org
585;28-05-2005 11:50;03-06-2005 15:35;Sam;Mcduffie;sam.mcduffie@sakilacustomer.org
586;28-05-2005 12:03;29-05-2005 13:16;Jane;Bennett;jane.bennett@sakilacustomer.org
587;28-05-2005 12:05;30-05-2005 13:45;Judith;Cox;judith.cox@sakilacustomer.org
588;28-05-2005 12:08;29-05-2005 16:25;Julia;Flores;julia.flores@sakilacustomer.org
589;28-05-2005 12:27;03-06-2005 7:15;Thomas;Grigsby;thomas.grigsby@sakilacustomer.org
590;28-05-2005 13:06;02-06-2005 9:18;Warren;Sherrod;warren.sherrod@sakilacustomer.org
591;28-05-2005 13:11;29-05-2005 17:20;Ruth;Martinez;ruth.martinez@sakilacustomer.org
592;28-05-2005 13:21;29-05-2005 16:55;Viola;Hanson;viola.hanson@sakilacustomer.org
593;28-05-2005 13:33;30-05-2005 17:10;Sandra;Martin;sandra.martin@sakilacustomer.org
594;28-05-2005 13:41;30-05-2005 12:00;Ted;Breaux;ted.breaux@sakilacustomer.org
595;28-05-2005 13:59;05-06-2005 15:16;Shelly;Watts;shelly.watts@sakilacustomer.org
596;28-05-2005 14:00;29-05-2005 17:10;Tracy;Herrmann;tracy.herrmann@sakilacustomer.org
597;28-05-2005 14:01;06-06-2005 19:06;Dora;Medina;dora.medina@sakilacustomer.org
598;28-05-2005 14:04;03-06-2005 18:00;Jill;Hawkins;jill.hawkins@sakilacustomer.org
599;28-05-2005 14:05;01-06-2005 16:41;Philip;Causey;philip.causey@sakilacustomer.org
600;28-05-2005 14:08;03-06-2005 11:57;Stephen;Qualls;stephen.qualls@sakilacustomer.org
601;28-05-2005 14:08;04-06-2005 10:50;Frederick;Isbell;frederick.isbell@sakilacustomer.org
602;28-05-2005 14:15;05-06-2005 15:16;Seth;Hannon;seth.hannon@sakilacustomer.org
603;28-05-2005 14:27;29-05-2005 13:13;Clinton;Buford;clinton.buford@sakilacustomer.org
604;28-05-2005 14:37;03-06-2005 11:03;Bradley;Motley;bradley.motley@sakilacustomer.org
605;28-05-2005 14:39;01-06-2005 9:28;Ruben;Geary;ruben.geary@sakilacustomer.org
606;28-05-2005 14:48;04-06-2005 9:44;James;Gannon;james.gannon@sakilacustomer.org
607;28-05-2005 15:02;30-05-2005 12:54;Dwayne;Olvera;dwayne.olvera@sakilacustomer.org
608;28-05-2005 15:03;04-06-2005 17:14;Ramon;Choate;ramon.choate@sakilacustomer.org
609;28-05-2005 15:04;05-06-2005 14:47;Danielle;Daniels;danielle.daniels@sakilacustomer.org
610;28-05-2005 15:15;02-06-2005 12:30;Reginald;Kinder;reginald.kinder@sakilacustomer.org
611;28-05-2005 15:18;31-05-2005 20:15;Ross;Grey;ross.grey@sakilacustomer.org
612;28-05-2005 15:24;30-05-2005 14:22;Geraldine;Perkins;geraldine.perkins@sakilacustomer.org
613;28-05-2005 15:27;02-06-2005 20:01;Terrence;Gunderson;terrence.gunderson@sakilacustomer.org
614;28-05-2005 15:33;04-06-2005 12:27;Joseph;Joy;joseph.joy@sakilacustomer.org
615;28-05-2005 15:35;03-06-2005 17:35;Jessie;Milam;jessie.milam@sakilacustomer.org
616;28-05-2005 15:45;02-06-2005 9:55;Dean;Sauer;dean.sauer@sakilacustomer.org
617;28-05-2005 15:49;31-05-2005 14:29;Steve;Mackenzie;steve.mackenzie@sakilacustomer.org
618;28-05-2005 15:50;01-06-2005 19:45;Caroline;Bowman;caroline.bowman@sakilacustomer.org
619;28-05-2005 15:52;06-06-2005 17:55;Dale;Ratcliff;dale.ratcliff@sakilacustomer.org
620;28-05-2005 15:54;04-06-2005 20:26;Kevin;Schuler;kevin.schuler@sakilacustomer.org
621;28-05-2005 15:58;30-05-2005 21:54;Minnie;Romero;minnie.romero@sakilacustomer.org
622;28-05-2005 15:58;04-06-2005 10:13;Edna;West;edna.west@sakilacustomer.org
623;28-05-2005 16:01;30-05-2005 11:19;Charlie;Bess;charlie.bess@sakilacustomer.org
624;28-05-2005 16:13;06-06-2005 20:35;Dave;Gardiner;dave.gardiner@sakilacustomer.org
625;28-05-2005 16:35;01-06-2005 14:19;Enrique;Forsythe;enrique.forsythe@sakilacustomer.org
626;28-05-2005 16:58;01-06-2005 14:02;Salvador;Teel;salvador.teel@sakilacustomer.org
627;28-05-2005 17:04;04-06-2005 19:58;Heidi;Larson;heidi.larson@sakilacustomer.org
628;28-05-2005 17:05;06-06-2005 16:29;Audrey;Ray;audrey.ray@sakilacustomer.org
629;28-05-2005 17:19;02-06-2005 20:01;Norma;Gonzales;norma.gonzales@sakilacustomer.org
630;28-05-2005 17:24;05-06-2005 20:05;Travis;Estep;travis.estep@sakilacustomer.org
631;28-05-2005 17:36;03-06-2005 14:56;Angel;Barclay;angel.barclay@sakilacustomer.org
632;28-05-2005 17:37;03-06-2005 16:04;Leroy;Bustamante;leroy.bustamante@sakilacustomer.org
633;28-05-2005 17:37;03-06-2005 22:49;Ralph;Madrigal;ralph.madrigal@sakilacustomer.org
634;28-05-2005 17:40;05-06-2005 16:18;Herbert;Kruger;herbert.kruger@sakilacustomer.org
635;28-05-2005 17:46;06-06-2005 18:24;Carolyn;Perez;carolyn.perez@sakilacustomer.org
636;28-05-2005 17:47;04-06-2005 16:32;Minnie;Romero;minnie.romero@sakilacustomer.org
637;28-05-2005 18:14;29-05-2005 23:48;Jo;Fowler;jo.fowler@sakilacustomer.org
638;28-05-2005 18:24;02-06-2005 19:03;Steve;Mackenzie;steve.mackenzie@sakilacustomer.org
639;28-05-2005 18:25;29-05-2005 18:22;Elsie;Kelley;elsie.kelley@sakilacustomer.org
640;28-05-2005 18:43;30-05-2005 13:39;Floyd;Gandy;floyd.gandy@sakilacustomer.org
641;28-05-2005 18:45;04-06-2005 15:24;Earl;Shanks;earl.shanks@sakilacustomer.org
642;28-05-2005 18:49;01-06-2005 20:50;Darlene;Rose;darlene.rose@sakilacustomer.org
643;28-05-2005 18:52;31-05-2005 15:15;Marlene;Welch;marlene.welch@sakilacustomer.org
644;28-05-2005 18:59;04-06-2005 18:06;Steven;Curley;steven.curley@sakilacustomer.org
645;28-05-2005 19:14;05-06-2005 14:01;Rafael;Abney;rafael.abney@sakilacustomer.org
646;28-05-2005 19:16;31-05-2005 16:50;Roberta;Harper;roberta.harper@sakilacustomer.org
647;28-05-2005 19:22;01-06-2005 0:10;Dave;Gardiner;dave.gardiner@sakilacustomer.org
648;28-05-2005 19:25;03-06-2005 15:57;Terry;Carlson;terry.carlson@sakilacustomer.org
649;28-05-2005 19:35;05-06-2005 16:00;Sue;Peters;sue.peters@sakilacustomer.org
650;28-05-2005 19:45;29-05-2005 21:02;Leona;Obrien;leona.obrien@sakilacustomer.org
651;28-05-2005 19:46;30-05-2005 16:29;Nora;Herrera;nora.herrera@sakilacustomer.org
652;28-05-2005 20:08;29-05-2005 14:57;Christine;Roberts;christine.roberts@sakilacustomer.org
653;28-05-2005 20:12;04-06-2005 14:44;Larry;Thrasher;larry.thrasher@sakilacustomer.org
654;28-05-2005 20:15;30-05-2005 22:02;Sarah;Lewis;sarah.lewis@sakilacustomer.org
655;28-05-2005 20:16;31-05-2005 16:46;Becky;Miles;becky.miles@sakilacustomer.org
656;28-05-2005 20:18;30-05-2005 16:19;Randall;Neumann;randall.neumann@sakilacustomer.org
657;28-05-2005 20:23;01-06-2005 2:11;Rose;Howard;rose.howard@sakilacustomer.org
658;28-05-2005 20:23;06-06-2005 19:31;Gladys;Hamilton;gladys.hamilton@sakilacustomer.org
659;28-05-2005 20:27;31-05-2005 1:36;Gertrude;Castillo;gertrude.castillo@sakilacustomer.org
660;28-05-2005 20:53;30-05-2005 15:26;Willard;Lumpkin;willard.lumpkin@sakilacustomer.org
661;28-05-2005 21:01;02-06-2005 1:22;Alice;Stewart;alice.stewart@sakilacustomer.org
662;28-05-2005 21:09;01-06-2005 19:00;Lynn;Payne;lynn.payne@sakilacustomer.org
663;28-05-2005 21:23;02-06-2005 17:39;June;Carroll;june.carroll@sakilacustomer.org
664;28-05-2005 21:31;02-06-2005 20:56;Harvey;Guajardo;harvey.guajardo@sakilacustomer.org
665;28-05-2005 21:38;29-05-2005 21:37;Glenn;Pullen;glenn.pullen@sakilacustomer.org
666;28-05-2005 21:48;05-06-2005 16:45;Randall;Neumann;randall.neumann@sakilacustomer.org
667;28-05-2005 21:49;31-05-2005 3:07;Enrique;Forsythe;enrique.forsythe@sakilacustomer.org
668;28-05-2005 21:54;29-05-2005 22:32;Roberto;Vu;roberto.vu@sakilacustomer.org
669;28-05-2005 22:03;03-06-2005 3:39;Donald;Mahon;donald.mahon@sakilacustomer.org
670;28-05-2005 22:04;06-06-2005 22:43;Vicki;Fields;vicki.fields@sakilacustomer.org
671;28-05-2005 22:04;03-06-2005 1:21;Betty;White;betty.white@sakilacustomer.org
672;28-05-2005 22:05;06-06-2005 2:10;Charles;Kowalski;charles.kowalski@sakilacustomer.org
673;28-05-2005 22:07;01-06-2005 23:42;Tim;Cary;tim.cary@sakilacustomer.org
674;28-05-2005 22:11;01-06-2005 23:58;Wanda;Patterson;wanda.patterson@sakilacustomer.org
675;28-05-2005 22:22;01-06-2005 2:57;Dennis;Gilman;dennis.gilman@sakilacustomer.org
676;28-05-2005 22:27;29-05-2005 20:36;Sam;Mcduffie;sam.mcduffie@sakilacustomer.org
677;28-05-2005 23:00;05-06-2005 19:11;Kristen;Chavez;kristen.chavez@sakilacustomer.org
678;28-05-2005 23:15;03-06-2005 4:43;Cassandra;Walters;cassandra.walters@sakilacustomer.org
679;28-05-2005 23:24;06-06-2005 21:59;Karl;Seal;karl.seal@sakilacustomer.org
680;28-05-2005 23:27;02-06-2005 2:28;Maurice;Crawley;maurice.crawley@sakilacustomer.org
681;28-05-2005 23:39;01-06-2005 1:42;Jamie;Waugh;jamie.waugh@sakilacustomer.org
682;28-05-2005 23:53;29-05-2005 19:14;Eleanor;Hunt;eleanor.hunt@sakilacustomer.org
683;29-05-2005 0:09;02-06-2005 4:27;Sue;Peters;sue.peters@sakilacustomer.org
684;29-05-2005 0:13;04-06-2005 21:26;Derek;Blakely;derek.blakely@sakilacustomer.org
685;29-05-2005 0:17;05-06-2005 5:32;Bernice;Willis;bernice.willis@sakilacustomer.org
686;29-05-2005 0:27;30-05-2005 2:29;Norman;Currier;norman.currier@sakilacustomer.org
687;29-05-2005 0:32;31-05-2005 23:53;Jo;Fowler;jo.fowler@sakilacustomer.org
688;29-05-2005 0:45;02-06-2005 1:30;Lauren;Hudson;lauren.hudson@sakilacustomer.org
689;29-05-2005 0:46;03-06-2005 23:48;Johnnie;Chisholm;johnnie.chisholm@sakilacustomer.org
690;29-05-2005 0:54;06-06-2005 0:45;Anne;Powell;anne.powell@sakilacustomer.org
691;29-05-2005 1:01;07-06-2005 6:21;Don;Bone;don.bone@sakilacustomer.org
692;29-05-2005 1:32;02-06-2005 3:54;Carol;Garcia;carol.garcia@sakilacustomer.org
693;29-05-2005 1:42;03-06-2005 2:29;Yolanda;Weaver;yolanda.weaver@sakilacustomer.org
694;29-05-2005 1:49;05-06-2005 6:52;Danny;Isom;danny.isom@sakilacustomer.org
695;29-05-2005 1:50;03-06-2005 2:28;Claude;Herzog;claude.herzog@sakilacustomer.org
696;29-05-2005 1:59;01-06-2005 2:45;Ruth;Martinez;ruth.martinez@sakilacustomer.org
697;29-05-2005 2:04;04-06-2005 0:47;Jesse;Schilling;jesse.schilling@sakilacustomer.org
698;29-05-2005 2:10;01-06-2005 21:52;Edna;West;edna.west@sakilacustomer.org
699;29-05-2005 2:11;04-06-2005 20:23;Marian;Mendoza;marian.mendoza@sakilacustomer.org
700;29-05-2005 2:18;30-05-2005 5:54;Edith;Mcdonald;edith.mcdonald@sakilacustomer.org
701;29-05-2005 2:26;03-06-2005 4:59;Rosa;Reynolds;rosa.reynolds@sakilacustomer.org
702;29-05-2005 2:27;30-05-2005 1:52;Pedro;Chestnut;pedro.chestnut@sakilacustomer.org
703;29-05-2005 2:29;03-06-2005 4:54;Cassandra;Walters;cassandra.walters@sakilacustomer.org
704;29-05-2005 2:44;06-06-2005 1:51;Scott;Shelley;scott.shelley@sakilacustomer.org
705;29-05-2005 2:48;30-05-2005 6:21;Marsha;Douglas;marsha.douglas@sakilacustomer.org
706;29-05-2005 3:05;04-06-2005 22:48;Mildred;Bailey;mildred.bailey@sakilacustomer.org
707;29-05-2005 3:18;30-05-2005 2:45;Mattie;Hoffman;mattie.hoffman@sakilacustomer.org
708;29-05-2005 3:23;31-05-2005 21:27;Elaine;Stevens;elaine.stevens@sakilacustomer.org
709;29-05-2005 3:48;06-06-2005 5:21;Zachary;Hite;zachary.hite@sakilacustomer.org
710;29-05-2005 3:48;03-06-2005 5:03;Gabriel;Harder;gabriel.harder@sakilacustomer.org
711;29-05-2005 3:49;31-05-2005 8:29;Jessie;Banks;jessie.banks@sakilacustomer.org
712;29-05-2005 4:02;30-05-2005 3:09;Donald;Mahon;donald.mahon@sakilacustomer.org
713;29-05-2005 4:10;07-06-2005 7:13;Edgar;Rhoads;edgar.rhoads@sakilacustomer.org
714;29-05-2005 4:15;01-06-2005 23:05;Tom;Milner;tom.milner@sakilacustomer.org
715;29-05-2005 4:22;05-06-2005 9:28;Julio;Noland;julio.noland@sakilacustomer.org
716;29-05-2005 4:35;01-06-2005 7:42;Kathleen;Adams;kathleen.adams@sakilacustomer.org
717;29-05-2005 4:37;30-05-2005 5:48;Allen;Butterfield;allen.butterfield@sakilacustomer.org
718;29-05-2005 4:52;02-06-2005 2:27;Gene;Sanborn;gene.sanborn@sakilacustomer.org
719;29-05-2005 5:16;01-06-2005 7:53;Courtney;Day;courtney.day@sakilacustomer.org
720;29-05-2005 5:17;06-06-2005 2:47;Corey;Hauser;corey.hauser@sakilacustomer.org
721;29-05-2005 5:28;31-05-2005 11:24;Marie;Turner;marie.turner@sakilacustomer.org
722;29-05-2005 5:30;06-06-2005 4:51;Lena;Jensen;lena.jensen@sakilacustomer.org
723;29-05-2005 5:34;30-05-2005 5:50;Christopher;Greco;christopher.greco@sakilacustomer.org
724;29-05-2005 5:53;05-06-2005 4:01;Jeffery;Pinson;jeffery.pinson@sakilacustomer.org
725;29-05-2005 6:03;03-06-2005 8:52;Courtney;Day;courtney.day@sakilacustomer.org
726;29-05-2005 6:05;05-06-2005 4:40;Tom;Milner;tom.milner@sakilacustomer.org
727;29-05-2005 6:08;30-05-2005 7:16;Roberto;Vu;roberto.vu@sakilacustomer.org
728;29-05-2005 6:12;03-06-2005 7:41;Clayton;Barbee;clayton.barbee@sakilacustomer.org
729;29-05-2005 6:35;04-06-2005 3:23;Matthew;Mahan;matthew.mahan@sakilacustomer.org
730;29-05-2005 7:00;06-06-2005 1:17;Sue;Peters;sue.peters@sakilacustomer.org
731;29-05-2005 7:25;30-05-2005 5:21;Elizabeth;Brown;elizabeth.brown@sakilacustomer.org
732;29-05-2005 7:32;30-05-2005 10:08;Clifford;Bowens;clifford.bowens@sakilacustomer.org
733;29-05-2005 7:35;05-06-2005 9:14;Roy;Whiting;roy.whiting@sakilacustomer.org
734;29-05-2005 7:38;03-06-2005 10:17;Ted;Breaux;ted.breaux@sakilacustomer.org
735;29-05-2005 8:08;07-06-2005 13:35;Alex;Gresham;alex.gresham@sakilacustomer.org
736;29-05-2005 8:10;05-06-2005 10:21;Brandy;Graves;brandy.graves@sakilacustomer.org
737;29-05-2005 8:11;04-06-2005 11:18;Tracy;Herrmann;tracy.herrmann@sakilacustomer.org
738;29-05-2005 8:20;06-06-2005 8:59;Mabel;Holland;mabel.holland@sakilacustomer.org
739;29-05-2005 8:28;06-06-2005 9:21;Sara;Perry;sara.perry@sakilacustomer.org
740;29-05-2005 8:30;04-06-2005 12:47;Julia;Flores;julia.flores@sakilacustomer.org
741;29-05-2005 8:35;04-06-2005 11:55;Charlie;Bess;charlie.bess@sakilacustomer.org
742;29-05-2005 8:36;05-06-2005 11:30;Vernon;Chapa;vernon.chapa@sakilacustomer.org
743;29-05-2005 8:39;06-06-2005 8:42;Allan;Cornish;allan.cornish@sakilacustomer.org
744;29-05-2005 9:13;01-06-2005 7:05;Jacob;Lance;jacob.lance@sakilacustomer.org
745;29-05-2005 9:22;01-06-2005 9:10;Alicia;Mills;alicia.mills@sakilacustomer.org
746;29-05-2005 9:25;02-06-2005 4:20;Charlotte;Hunter;charlotte.hunter@sakilacustomer.org
747;29-05-2005 9:26;05-06-2005 7:28;Toni;Holt;toni.holt@sakilacustomer.org
748;29-05-2005 9:27;03-06-2005 4:25;Maria;Miller;maria.miller@sakilacustomer.org
749;29-05-2005 9:33;31-05-2005 11:45;Aaron;Selby;aaron.selby@sakilacustomer.org
750;29-05-2005 9:41;30-05-2005 13:31;Cassandra;Walters;cassandra.walters@sakilacustomer.org
751;29-05-2005 9:55;02-06-2005 4:54;Heather;Morris;heather.morris@sakilacustomer.org
752;29-05-2005 10:14;04-06-2005 6:30;Ellen;Simpson;ellen.simpson@sakilacustomer.org
753;29-05-2005 10:16;05-06-2005 8:52;Juanita;Mason;juanita.mason@sakilacustomer.org
754;29-05-2005 10:18;04-06-2005 5:03;Leona;Obrien;leona.obrien@sakilacustomer.org
755;29-05-2005 10:26;01-06-2005 10:25;Morris;Mccarter;morris.mccarter@sakilacustomer.org
756;29-05-2005 10:28;04-06-2005 12:50;Vicki;Fields;vicki.fields@sakilacustomer.org
757;29-05-2005 10:29;07-06-2005 15:27;Ricky;Shelby;ricky.shelby@sakilacustomer.org
758;29-05-2005 10:31;01-06-2005 14:53;Ken;Prewitt;ken.prewitt@sakilacustomer.org
759;29-05-2005 10:57;07-06-2005 16:23;Dana;Hart;dana.hart@sakilacustomer.org
760;29-05-2005 11:07;02-06-2005 14:16;Jane;Bennett;jane.bennett@sakilacustomer.org
761;29-05-2005 11:09;03-06-2005 16:18;Jean;Bell;jean.bell@sakilacustomer.org
762;29-05-2005 11:15;06-06-2005 7:48;Jamie;Rice;jamie.rice@sakilacustomer.org
763;29-05-2005 11:32;31-05-2005 17:31;Diane;Collins;diane.collins@sakilacustomer.org
764;29-05-2005 11:37;31-05-2005 16:47;Valerie;Black;valerie.black@sakilacustomer.org
765;29-05-2005 11:38;02-06-2005 17:04;Judy;Gray;judy.gray@sakilacustomer.org
766;29-05-2005 11:47;06-06-2005 7:14;Martin;Bales;martin.bales@sakilacustomer.org
767;29-05-2005 12:20;02-06-2005 14:15;Kelly;Torres;kelly.torres@sakilacustomer.org
768;29-05-2005 12:30;07-06-2005 9:00;Casey;Mena;casey.mena@sakilacustomer.org
769;29-05-2005 12:51;01-06-2005 17:43;Isaac;Oglesby;isaac.oglesby@sakilacustomer.org
770;29-05-2005 12:56;07-06-2005 15:54;Leonard;Schofield;leonard.schofield@sakilacustomer.org
771;29-05-2005 12:59;01-06-2005 16:05;Derrick;Bourque;derrick.bourque@sakilacustomer.org
772;29-05-2005 13:08;06-06-2005 8:19;Armando;Gruber;armando.gruber@sakilacustomer.org
773;29-05-2005 13:18;07-06-2005 17:22;Ken;Prewitt;ken.prewitt@sakilacustomer.org
774;29-05-2005 13:19;01-06-2005 18:51;Isaac;Oglesby;isaac.oglesby@sakilacustomer.org
775;29-05-2005 13:23;30-05-2005 7:53;Sheila;Wells;sheila.wells@sakilacustomer.org
776;29-05-2005 13:35;03-06-2005 17:33;Cindy;Fisher;cindy.fisher@sakilacustomer.org
777;29-05-2005 14:07;03-06-2005 8:41;Ralph;Madrigal;ralph.madrigal@sakilacustomer.org
778;29-05-2005 14:09;05-06-2005 20:05;Javier;Elrod;javier.elrod@sakilacustomer.org
779;29-05-2005 14:17;06-06-2005 16:46;Dawn;Sullivan;dawn.sullivan@sakilacustomer.org
780;29-05-2005 14:18;06-06-2005 20:14;John;Farnsworth;john.farnsworth@sakilacustomer.org
781;29-05-2005 14:23;30-05-2005 17:44;Donald;Mahon;donald.mahon@sakilacustomer.org
782;29-05-2005 14:38;02-06-2005 13:18;Enrique;Forsythe;enrique.forsythe@sakilacustomer.org
783;29-05-2005 14:41;06-06-2005 10:39;Heather;Morris;heather.morris@sakilacustomer.org
784;29-05-2005 14:44;01-06-2005 17:28;Albert;Crouse;albert.crouse@sakilacustomer.org
785;29-05-2005 15:08;30-05-2005 15:51;Theresa;Watson;theresa.watson@sakilacustomer.org
786;29-05-2005 15:17;07-06-2005 10:07;Alexander;Fennell;alexander.fennell@sakilacustomer.org
787;29-05-2005 16:03;07-06-2005 11:07;Shirley;Allen;shirley.allen@sakilacustomer.org
788;29-05-2005 16:13;31-05-2005 16:40;Wallace;Slone;wallace.slone@sakilacustomer.org
789;29-05-2005 16:17;06-06-2005 18:15;Max;Pitt;max.pitt@sakilacustomer.org
790;29-05-2005 16:19;02-06-2005 17:22;Rene;Mcalister;rene.mcalister@sakilacustomer.org
791;29-05-2005 16:30;01-06-2005 19:11;Sonia;Gregory;sonia.gregory@sakilacustomer.org
792;29-05-2005 16:32;31-05-2005 18:01;Deanna;Byrd;deanna.byrd@sakilacustomer.org
793;29-05-2005 16:44;06-06-2005 19:21;Claude;Herzog;claude.herzog@sakilacustomer.org
794;29-05-2005 16:44;05-06-2005 16:11;Diane;Collins;diane.collins@sakilacustomer.org
795;29-05-2005 16:57;01-06-2005 11:33;Clayton;Barbee;clayton.barbee@sakilacustomer.org
796;29-05-2005 16:59;03-06-2005 16:22;Jessica;Hall;jessica.hall@sakilacustomer.org
797;29-05-2005 17:12;03-06-2005 16:06;Viola;Hanson;viola.hanson@sakilacustomer.org
798;29-05-2005 17:23;01-06-2005 13:06;Emma;Boyd;emma.boyd@sakilacustomer.org
799;29-05-2005 17:24;05-06-2005 12:25;Frederick;Isbell;frederick.isbell@sakilacustomer.org
800;29-05-2005 17:28;30-05-2005 14:59;Greg;Robins;greg.robins@sakilacustomer.org
801;29-05-2005 17:35;04-06-2005 17:05;Luis;Yanez;luis.yanez@sakilacustomer.org
802;29-05-2005 17:38;31-05-2005 22:42;Juan;Fraley;juan.fraley@sakilacustomer.org
803;29-05-2005 17:52;30-05-2005 14:35;Amy;Lopez;amy.lopez@sakilacustomer.org
804;29-05-2005 18:10;06-06-2005 22:53;Dolores;Wagner;dolores.wagner@sakilacustomer.org
805;29-05-2005 18:18;07-06-2005 15:11;Constance;Reid;constance.reid@sakilacustomer.org
806;29-05-2005 18:31;31-05-2005 0:18;Ricky;Shelby;ricky.shelby@sakilacustomer.org
807;29-05-2005 18:50;03-06-2005 18:36;Jackie;Lynch;jackie.lynch@sakilacustomer.org
808;29-05-2005 19:08;06-06-2005 20:32;Rita;Graham;rita.graham@sakilacustomer.org
809;29-05-2005 19:10;05-06-2005 19:05;Delores;Hansen;delores.hansen@sakilacustomer.org
810;29-05-2005 19:12;04-06-2005 21:12;Arthur;Simpkins;arthur.simpkins@sakilacustomer.org
811;29-05-2005 19:30;02-06-2005 16:19;Tony;Carranza;tony.carranza@sakilacustomer.org
812;29-05-2005 20:00;30-05-2005 19:43;Arlene;Harvey;arlene.harvey@sakilacustomer.org
813;29-05-2005 20:14;05-06-2005 20:56;Henry;Billingsley;henry.billingsley@sakilacustomer.org
814;29-05-2005 20:16;07-06-2005 17:47;Emma;Boyd;emma.boyd@sakilacustomer.org
815;29-05-2005 20:24;03-06-2005 15:32;Betty;White;betty.white@sakilacustomer.org
816;29-05-2005 20:26;06-06-2005 22:31;Dustin;Gillette;dustin.gillette@sakilacustomer.org
817;29-05-2005 20:39;31-05-2005 18:24;Dwayne;Olvera;dwayne.olvera@sakilacustomer.org
818;29-05-2005 20:47;02-06-2005 23:18;Kevin;Schuler;kevin.schuler@sakilacustomer.org
819;29-05-2005 21:00;02-06-2005 15:15;Chester;Benner;chester.benner@sakilacustomer.org
820;29-05-2005 21:07;07-06-2005 0:22;Laura;Rodriguez;laura.rodriguez@sakilacustomer.org
821;29-05-2005 21:31;04-06-2005 22:49;Roger;Quintanilla;roger.quintanilla@sakilacustomer.org
822;29-05-2005 21:36;07-06-2005 17:24;Corey;Hauser;corey.hauser@sakilacustomer.org
823;29-05-2005 21:39;30-05-2005 22:06;Mario;Cheatham;mario.cheatham@sakilacustomer.org
824;29-05-2005 21:45;31-05-2005 19:01;Keith;Rico;keith.rico@sakilacustomer.org
825;29-05-2005 21:49;04-06-2005 20:27;Billy;Poulin;billy.poulin@sakilacustomer.org
826;29-05-2005 21:56;08-06-2005 3:18;Gertrude;Castillo;gertrude.castillo@sakilacustomer.org
827;29-05-2005 21:58;06-06-2005 0:54;Byron;Box;byron.box@sakilacustomer.org
828;29-05-2005 22:14;30-05-2005 17:22;Agnes;Bishop;agnes.bishop@sakilacustomer.org
829;29-05-2005 22:16;06-06-2005 1:38;Billy;Poulin;billy.poulin@sakilacustomer.org
830;29-05-2005 22:43;01-06-2005 17:43;Linda;Williams;linda.williams@sakilacustomer.org
831;29-05-2005 22:50;06-06-2005 2:27;Raul;Fortier;raul.fortier@sakilacustomer.org
832;29-05-2005 22:51;07-06-2005 17:37;Jill;Hawkins;jill.hawkins@sakilacustomer.org
833;29-05-2005 23:21;02-06-2005 18:40;Travis;Estep;travis.estep@sakilacustomer.org
834;29-05-2005 23:24;30-05-2005 22:00;Sara;Perry;sara.perry@sakilacustomer.org
835;29-05-2005 23:37;02-06-2005 23:38;Bobby;Boudreau;bobby.boudreau@sakilacustomer.org
836;29-05-2005 23:56;31-05-2005 4:11;Harry;Arce;harry.arce@sakilacustomer.org
837;30-05-2005 0:02;02-06-2005 5:31;Bernice;Willis;bernice.willis@sakilacustomer.org
838;30-05-2005 0:27;06-06-2005 22:19;Nathaniel;Adam;nathaniel.adam@sakilacustomer.org
839;30-05-2005 0:28;08-06-2005 2:43;Jerry;Jordon;jerry.jordon@sakilacustomer.org
840;30-05-2005 0:28;31-05-2005 20:39;Rachel;Barnes;rachel.barnes@sakilacustomer.org
841;30-05-2005 0:31;02-06-2005 19:14;Jesse;Schilling;jesse.schilling@sakilacustomer.org
842;30-05-2005 0:32;01-06-2005 2:21;Nellie;Garrett;nellie.garrett@sakilacustomer.org
843;30-05-2005 0:44;31-05-2005 0:58;Donald;Mahon;donald.mahon@sakilacustomer.org
844;30-05-2005 0:58;01-06-2005 0:38;Frederick;Isbell;frederick.isbell@sakilacustomer.org
845;30-05-2005 1:17;07-06-2005 2:00;Theresa;Watson;theresa.watson@sakilacustomer.org
846;30-05-2005 1:17;01-06-2005 0:56;Joyce;Edwards;joyce.edwards@sakilacustomer.org
847;30-05-2005 1:18;06-06-2005 20:20;Russell;Brinson;russell.brinson@sakilacustomer.org
848;30-05-2005 1:19;05-06-2005 23:40;Troy;Quigley;troy.quigley@sakilacustomer.org
849;30-05-2005 1:23;07-06-2005 1:50;Oscar;Aquino;oscar.aquino@sakilacustomer.org
850;30-05-2005 1:35;31-05-2005 1:51;Brad;Mccurdy;brad.mccurdy@sakilacustomer.org
851;30-05-2005 1:35;06-06-2005 7:27;Darryl;Ashcraft;darryl.ashcraft@sakilacustomer.org
852;30-05-2005 1:36;01-06-2005 22:44;Nelson;Christenson;nelson.christenson@sakilacustomer.org
853;30-05-2005 1:43;01-06-2005 2:05;Thelma;Murray;thelma.murray@sakilacustomer.org
854;30-05-2005 1:56;01-06-2005 6:34;Fred;Wheat;fred.wheat@sakilacustomer.org
855;30-05-2005 2:00;03-06-2005 20:16;Nathan;Runyon;nathan.runyon@sakilacustomer.org
856;30-05-2005 2:01;07-06-2005 3:25;Heather;Morris;heather.morris@sakilacustomer.org
857;30-05-2005 2:01;02-06-2005 6:07;Rosemary;Schmidt;rosemary.schmidt@sakilacustomer.org
858;30-05-2005 2:10;01-06-2005 4:42;Samuel;Marlow;samuel.marlow@sakilacustomer.org
859;30-05-2005 2:36;02-06-2005 7:49;Rachel;Barnes;rachel.barnes@sakilacustomer.org
860;30-05-2005 2:45;08-06-2005 7:28;Brandy;Graves;brandy.graves@sakilacustomer.org
861;30-05-2005 2:48;06-06-2005 5:43;Brett;Cornwell;brett.cornwell@sakilacustomer.org
862;30-05-2005 3:09;03-06-2005 21:27;Jeffrey;Spear;jeffrey.spear@sakilacustomer.org
863;30-05-2005 3:14;05-06-2005 4:34;Carlos;Coughlin;carlos.coughlin@sakilacustomer.org
864;30-05-2005 3:27;06-06-2005 8:28;Cody;Nolen;cody.nolen@sakilacustomer.org
865;30-05-2005 3:39;07-06-2005 8:10;Michele;Grant;michele.grant@sakilacustomer.org
866;30-05-2005 3:43;08-06-2005 4:28;Susan;Wilson;susan.wilson@sakilacustomer.org
867;30-05-2005 3:54;01-06-2005 22:59;Emily;Diaz;emily.diaz@sakilacustomer.org
868;30-05-2005 4:19;31-05-2005 2:28;Cynthia;Young;cynthia.young@sakilacustomer.org
869;30-05-2005 4:22;03-06-2005 9:18;Ramona;Hale;ramona.hale@sakilacustomer.org
870;30-05-2005 4:25;06-06-2005 4:32;Clarence;Gamez;clarence.gamez@sakilacustomer.org
871;30-05-2005 5:01;04-06-2005 6:22;William;Satterfield;william.satterfield@sakilacustomer.org
872;30-05-2005 5:03;06-06-2005 10:35;Allan;Cornish;allan.cornish@sakilacustomer.org
873;30-05-2005 5:15;07-06-2005 0:49;Aaron;Selby;aaron.selby@sakilacustomer.org
874;30-05-2005 5:36;01-06-2005 9:32;Julie;Sanchez;julie.sanchez@sakilacustomer.org
875;30-05-2005 5:38;06-06-2005 0:34;Jose;Andrew;jose.andrew@sakilacustomer.org
876;30-05-2005 5:41;07-06-2005 9:06;Walter;Perryman;walter.perryman@sakilacustomer.org
877;30-05-2005 5:48;02-06-2005 9:30;Margaret;Moore;margaret.moore@sakilacustomer.org
878;30-05-2005 5:49;07-06-2005 4:35;Matthew;Mahan;matthew.mahan@sakilacustomer.org
879;30-05-2005 5:49;05-06-2005 1:45;Maurice;Crawley;maurice.crawley@sakilacustomer.org
880;30-05-2005 6:12;02-06-2005 4:35;Leon;Bostic;leon.bostic@sakilacustomer.org
881;30-05-2005 6:15;02-06-2005 10:21;Glenda;Frazier;glenda.frazier@sakilacustomer.org
882;30-05-2005 6:16;02-06-2005 11:57;Dan;Paine;dan.paine@sakilacustomer.org
883;30-05-2005 6:21;07-06-2005 4:50;Danny;Isom;danny.isom@sakilacustomer.org
884;30-05-2005 6:41;31-05-2005 7:39;Donna;Thompson;donna.thompson@sakilacustomer.org
885;30-05-2005 6:54;03-06-2005 7:03;Joan;Cooper;joan.cooper@sakilacustomer.org
886;30-05-2005 6:54;01-06-2005 6:04;Philip;Causey;philip.causey@sakilacustomer.org
887;30-05-2005 7:10;01-06-2005 6:48;Sandra;Martin;sandra.martin@sakilacustomer.org
888;30-05-2005 7:13;06-06-2005 9:50;Marjorie;Tucker;marjorie.tucker@sakilacustomer.org
889;30-05-2005 7:14;31-05-2005 7:56;Grace;Ellis;grace.ellis@sakilacustomer.org
890;30-05-2005 7:43;01-06-2005 11:26;Joe;Gilliland;joe.gilliland@sakilacustomer.org
891;30-05-2005 7:43;08-06-2005 9:21;Clarence;Gamez;clarence.gamez@sakilacustomer.org
892;30-05-2005 8:02;05-06-2005 12:51;Naomi;Jennings;naomi.jennings@sakilacustomer.org
893;30-05-2005 8:06;07-06-2005 8:23;Brett;Cornwell;brett.cornwell@sakilacustomer.org
894;30-05-2005 8:31;07-06-2005 12:39;Bryan;Hardison;bryan.hardison@sakilacustomer.org
895;30-05-2005 8:50;05-06-2005 10:58;Laurie;Lawrence;laurie.lawrence@sakilacustomer.org
896;30-05-2005 9:03;05-06-2005 7:37;Gertrude;Castillo;gertrude.castillo@sakilacustomer.org
897;30-05-2005 9:10;08-06-2005 3:43;Edwin;Burk;edwin.burk@sakilacustomer.org
898;30-05-2005 9:26;01-06-2005 10:45;Ernest;Stepp;ernest.stepp@sakilacustomer.org
899;30-05-2005 9:29;06-06-2005 12:39;Bertha;Ferguson;bertha.ferguson@sakilacustomer.org
900;30-05-2005 9:38;07-06-2005 11:54;Kirk;Stclair;kirk.stclair@sakilacustomer.org
901;30-05-2005 9:40;02-06-2005 10:32;Lena;Jensen;lena.jensen@sakilacustomer.org
902;30-05-2005 9:53;07-06-2005 12:10;Ian;Still;ian.still@sakilacustomer.org
903;30-05-2005 10:11;03-06-2005 9:33;Sue;Peters;sue.peters@sakilacustomer.org
904;30-05-2005 10:19;05-06-2005 4:58;Marie;Turner;marie.turner@sakilacustomer.org
905;30-05-2005 10:25;06-06-2005 6:23;Diane;Collins;diane.collins@sakilacustomer.org
906;30-05-2005 10:30;07-06-2005 6:44;Nelson;Christenson;nelson.christenson@sakilacustomer.org
907;30-05-2005 10:37;02-06-2005 9:51;Leslie;Seward;leslie.seward@sakilacustomer.org
908;30-05-2005 10:38;03-06-2005 9:56;Anne;Powell;anne.powell@sakilacustomer.org
909;30-05-2005 10:43;08-06-2005 12:07;Glen;Talbert;glen.talbert@sakilacustomer.org
910;30-05-2005 10:46;04-06-2005 13:32;Jeremy;Hurtado;jeremy.hurtado@sakilacustomer.org
911;30-05-2005 10:50;07-06-2005 12:26;Brandon;Huey;brandon.huey@sakilacustomer.org
912;30-05-2005 10:58;31-05-2005 9:31;Shawn;Heaton;shawn.heaton@sakilacustomer.org
913;30-05-2005 11:04;07-06-2005 13:22;Fred;Wheat;fred.wheat@sakilacustomer.org
914;30-05-2005 11:06;04-06-2005 6:07;Enrique;Forsythe;enrique.forsythe@sakilacustomer.org
915;30-05-2005 11:20;02-06-2005 11:55;Wendy;Harrison;wendy.harrison@sakilacustomer.org
916;30-05-2005 11:25;31-05-2005 9:06;Jennifer;Davis;jennifer.davis@sakilacustomer.org
917;30-05-2005 11:27;02-06-2005 8:31;Phillip;Holm;phillip.holm@sakilacustomer.org
918;30-05-2005 11:32;31-05-2005 7:55;Sue;Peters;sue.peters@sakilacustomer.org
919;30-05-2005 11:35;02-06-2005 13:16;Jeremy;Hurtado;jeremy.hurtado@sakilacustomer.org
920;30-05-2005 11:44;02-06-2005 8:19;Salvador;Teel;salvador.teel@sakilacustomer.org
921;30-05-2005 11:53;03-06-2005 10:00;Milton;Howland;milton.howland@sakilacustomer.org
922;30-05-2005 11:55;08-06-2005 10:12;Guy;Brownlee;guy.brownlee@sakilacustomer.org
923;30-05-2005 11:58;05-06-2005 9:57;Pamela;Baker;pamela.baker@sakilacustomer.org
924;30-05-2005 12:10;04-06-2005 17:28;Mae;Fletcher;mae.fletcher@sakilacustomer.org
925;30-05-2005 12:13;02-06-2005 14:41;Rhonda;Kennedy;rhonda.kennedy@sakilacustomer.org
926;30-05-2005 12:15;01-06-2005 8:53;Irene;Price;irene.price@sakilacustomer.org
927;30-05-2005 12:16;31-05-2005 16:20;Sally;Pierce;sally.pierce@sakilacustomer.org
928;30-05-2005 12:27;05-06-2005 13:56;Rachel;Barnes;rachel.barnes@sakilacustomer.org
929;30-05-2005 12:32;06-06-2005 12:17;Fernando;Churchill;fernando.churchill@sakilacustomer.org
930;30-05-2005 12:44;04-06-2005 10:53;Debbie;Reyes;debbie.reyes@sakilacustomer.org
931;30-05-2005 12:53;31-05-2005 14:28;Lee;Hawks;lee.hawks@sakilacustomer.org
932;30-05-2005 12:55;31-05-2005 10:30;Elsie;Kelley;elsie.kelley@sakilacustomer.org
933;30-05-2005 13:08;01-06-2005 18:56;Janice;Ward;janice.ward@sakilacustomer.org
934;30-05-2005 13:24;08-06-2005 16:44;Mildred;Bailey;mildred.bailey@sakilacustomer.org
935;30-05-2005 13:29;02-06-2005 11:08;Mabel;Holland;mabel.holland@sakilacustomer.org
936;30-05-2005 13:52;07-06-2005 16:56;Wesley;Bull;wesley.bull@sakilacustomer.org
937;30-05-2005 14:47;05-06-2005 9:53;David;Royal;david.royal@sakilacustomer.org
938;30-05-2005 14:47;04-06-2005 10:10;Catherine;Campbell;catherine.campbell@sakilacustomer.org
939;30-05-2005 14:49;01-06-2005 19:00;Adam;Gooch;adam.gooch@sakilacustomer.org
940;30-05-2005 15:01;01-06-2005 18:26;Christian;Jung;christian.jung@sakilacustomer.org
941;30-05-2005 15:02;01-06-2005 17:19;Wallace;Slone;wallace.slone@sakilacustomer.org
942;30-05-2005 15:05;08-06-2005 15:59;Jorge;Olivares;jorge.olivares@sakilacustomer.org
943;30-05-2005 15:20;06-06-2005 18:53;Evelyn;Morgan;evelyn.morgan@sakilacustomer.org
944;30-05-2005 15:26;07-06-2005 18:09;Monica;Hicks;monica.hicks@sakilacustomer.org
945;30-05-2005 15:33;02-06-2005 15:02;Keith;Rico;keith.rico@sakilacustomer.org
946;30-05-2005 15:35;08-06-2005 11:38;Glen;Talbert;glen.talbert@sakilacustomer.org
947;30-05-2005 15:36;04-06-2005 18:48;Joan;Cooper;joan.cooper@sakilacustomer.org
948;30-05-2005 15:44;08-06-2005 17:30;Courtney;Day;courtney.day@sakilacustomer.org
949;30-05-2005 15:50;03-06-2005 14:25;Harry;Arce;harry.arce@sakilacustomer.org
950;30-05-2005 16:06;01-06-2005 11:43;Louise;Jenkins;louise.jenkins@sakilacustomer.org
951;30-05-2005 16:10;31-05-2005 19:01;Cheryl;Murphy;cheryl.murphy@sakilacustomer.org
952;30-05-2005 16:28;02-06-2005 16:12;Paul;Trout;paul.trout@sakilacustomer.org
953;30-05-2005 16:34;31-05-2005 20:34;Ella;Oliver;ella.oliver@sakilacustomer.org
954;30-05-2005 16:57;08-06-2005 13:30;Sherri;Rhodes;sherri.rhodes@sakilacustomer.org
955;30-05-2005 16:59;31-05-2005 11:58;Robert;Baughman;robert.baughman@sakilacustomer.org
956;30-05-2005 17:30;07-06-2005 13:54;Ramona;Hale;ramona.hale@sakilacustomer.org
957;30-05-2005 17:53;03-06-2005 15:31;Bernard;Colby;bernard.colby@sakilacustomer.org
958;30-05-2005 17:58;01-06-2005 19:17;Holly;Fox;holly.fox@sakilacustomer.org
959;30-05-2005 18:07;02-06-2005 14:37;Javier;Elrod;javier.elrod@sakilacustomer.org
960;30-05-2005 18:13;04-06-2005 0:12;Micheal;Forman;micheal.forman@sakilacustomer.org
961;30-05-2005 18:16;04-06-2005 23:40;Marion;Ocampo;marion.ocampo@sakilacustomer.org
962;30-05-2005 18:45;05-06-2005 22:47;Mitchell;Westmoreland;mitchell.westmoreland@sakilacustomer.org
963;30-05-2005 18:52;07-06-2005 16:19;Arlene;Harvey;arlene.harvey@sakilacustomer.org
964;30-05-2005 18:53;04-06-2005 22:32;Becky;Miles;becky.miles@sakilacustomer.org
965;30-05-2005 19:00;31-05-2005 17:10;Brett;Cornwell;brett.cornwell@sakilacustomer.org
966;30-05-2005 19:00;31-05-2005 23:51;Tyler;Wren;tyler.wren@sakilacustomer.org
967;30-05-2005 19:12;09-06-2005 0:02;Scott;Shelley;scott.shelley@sakilacustomer.org
968;30-05-2005 19:20;31-05-2005 18:17;Morris;Mccarter;morris.mccarter@sakilacustomer.org
969;30-05-2005 19:23;31-05-2005 21:14;Clayton;Barbee;clayton.barbee@sakilacustomer.org
970;30-05-2005 19:50;09-06-2005 1:19;Joseph;Joy;joseph.joy@sakilacustomer.org
971;30-05-2005 20:10;06-06-2005 20:47;Ian;Still;ian.still@sakilacustomer.org
972;30-05-2005 20:21;06-06-2005 0:36;Norman;Currier;norman.currier@sakilacustomer.org
973;30-05-2005 20:27;08-06-2005 22:47;Jorge;Olivares;jorge.olivares@sakilacustomer.org
974;30-05-2005 20:28;08-06-2005 23:45;Enrique;Forsythe;enrique.forsythe@sakilacustomer.org
975;30-05-2005 21:07;03-06-2005 1:48;Maria;Miller;maria.miller@sakilacustomer.org
976;30-05-2005 21:11;06-06-2005 2:16;Virgil;Wofford;virgil.wofford@sakilacustomer.org
977;30-05-2005 21:22;04-06-2005 22:32;Chris;Brothers;chris.brothers@sakilacustomer.org
978;30-05-2005 21:30;07-06-2005 16:22;Michele;Grant;michele.grant@sakilacustomer.org
979;30-05-2005 21:37;08-06-2005 0:24;Dianne;Shelton;dianne.shelton@sakilacustomer.org
980;30-05-2005 21:45;01-06-2005 20:32;Priscilla;Lowe;priscilla.lowe@sakilacustomer.org
981;30-05-2005 21:52;01-06-2005 3:15;Jose;Andrew;jose.andrew@sakilacustomer.org
982;30-05-2005 22:15;02-06-2005 16:18;Jared;Ely;jared.ely@sakilacustomer.org
983;30-05-2005 22:15;02-06-2005 22:56;Wendy;Harrison;wendy.harrison@sakilacustomer.org
984;30-05-2005 22:17;01-06-2005 20:15;Patsy;Davidson;patsy.davidson@sakilacustomer.org
985;30-05-2005 22:18;04-06-2005 23:36;Bob;Pfeiffer;bob.pfeiffer@sakilacustomer.org
986;30-05-2005 22:22;01-06-2005 2:24;Terry;Carlson;terry.carlson@sakilacustomer.org
987;30-05-2005 22:59;07-06-2005 20:56;Lisa;Anderson;lisa.anderson@sakilacustomer.org
988;30-05-2005 23:08;07-06-2005 0:22;Nancy;Thomas;nancy.thomas@sakilacustomer.org
989;30-05-2005 23:11;03-06-2005 20:36;Louise;Jenkins;louise.jenkins@sakilacustomer.org
990;30-05-2005 23:25;06-06-2005 18:41;Paul;Trout;paul.trout@sakilacustomer.org
991;30-05-2005 23:29;07-06-2005 23:16;Rene;Mcalister;rene.mcalister@sakilacustomer.org
992;30-05-2005 23:47;05-06-2005 19:01;Shannon;Freeman;shannon.freeman@sakilacustomer.org
993;30-05-2005 23:54;04-06-2005 21:27;Duane;Tubbs;duane.tubbs@sakilacustomer.org
994;30-05-2005 23:55;04-06-2005 1:00;Greg;Robins;greg.robins@sakilacustomer.org
995;31-05-2005 0:06;06-06-2005 2:30;Danielle;Daniels;danielle.daniels@sakilacustomer.org
996;31-05-2005 0:06;31-05-2005 21:29;Eric;Robert;eric.robert@sakilacustomer.org
997;31-05-2005 0:08;02-06-2005 0:17;Natalie;Meyer;natalie.meyer@sakilacustomer.org
998;31-05-2005 0:16;01-06-2005 22:41;Alan;Kahn;alan.kahn@sakilacustomer.org
999;31-05-2005 0:25;03-06-2005 6:05;Marvin;Yee;marvin.yee@sakilacustomer.org
1000;31-05-2005 0:25;08-06-2005 19:42;Stephen;Qualls;stephen.qualls@sakilacustomer.org
1001;31-05-2005 0:46;06-06-2005 6:14;Judith;Cox;judith.cox@sakilacustomer.org
1002;31-05-2005 0:47;06-06-2005 19:51;Jimmy;Schrader;jimmy.schrader@sakilacustomer.org
1003;31-05-2005 0:48;02-06-2005 4:53;Geraldine;Perkins;geraldine.perkins@sakilacustomer.org
1004;31-05-2005 0:48;01-06-2005 20:56;Jaime;Nettles;jaime.nettles@sakilacustomer.org
1005;31-05-2005 0:53;04-06-2005 1:21;Clayton;Barbee;clayton.barbee@sakilacustomer.org
1006;31-05-2005 0:57;02-06-2005 22:35;Delores;Hansen;delores.hansen@sakilacustomer.org
1007;31-05-2005 1:02;07-06-2005 1:36;Kimberly;Lee;kimberly.lee@sakilacustomer.org
1008;31-05-2005 1:18;01-06-2005 1:24;Austin;Cintron;austin.cintron@sakilacustomer.org
1009;31-05-2005 1:47;03-06-2005 20:26;Clyde;Tobias;clyde.tobias@sakilacustomer.org
1010;31-05-2005 1:57;01-06-2005 6:50;Joyce;Edwards;joyce.edwards@sakilacustomer.org
1011;31-05-2005 2:05;04-06-2005 21:27;Joann;Gardner;joann.gardner@sakilacustomer.org
1012;31-05-2005 2:18;03-06-2005 6:47;Toni;Holt;toni.holt@sakilacustomer.org
1013;31-05-2005 2:37;02-06-2005 6:39;Ernest;Stepp;ernest.stepp@sakilacustomer.org
1014;31-05-2005 2:39;01-06-2005 6:03;Tracey;Barrett;tracey.barrett@sakilacustomer.org
1015;31-05-2005 2:44;07-06-2005 23:01;Karl;Seal;karl.seal@sakilacustomer.org
1016;31-05-2005 2:49;04-06-2005 3:48;Rosemary;Schmidt;rosemary.schmidt@sakilacustomer.org
1017;31-05-2005 2:53;03-06-2005 5:04;Sandra;Martin;sandra.martin@sakilacustomer.org
1018;31-05-2005 2:53;03-06-2005 0:47;Eduardo;Hiatt;eduardo.hiatt@sakilacustomer.org
1019;31-05-2005 3:05;03-06-2005 8:34;Dianne;Shelton;dianne.shelton@sakilacustomer.org
1020;31-05-2005 3:06;02-06-2005 8:57;Hazel;Warren;hazel.warren@sakilacustomer.org
1021;31-05-2005 3:16;08-06-2005 6:43;Darren;Windham;darren.windham@sakilacustomer.org
1022;31-05-2005 3:16;08-06-2005 9:04;Minnie;Romero;minnie.romero@sakilacustomer.org
1023;31-05-2005 3:26;05-06-2005 8:19;Colleen;Burton;colleen.burton@sakilacustomer.org
1024;31-05-2005 3:30;09-06-2005 5:52;Bill;Gavin;bill.gavin@sakilacustomer.org
1025;31-05-2005 3:41;08-06-2005 7:05;Phyllis;Foster;phyllis.foster@sakilacustomer.org
1026;31-05-2005 3:45;06-06-2005 22:30;Florence;Woods;florence.woods@sakilacustomer.org
1027;31-05-2005 3:46;09-06-2005 3:50;Doris;Reed;doris.reed@sakilacustomer.org
1028;31-05-2005 3:48;01-06-2005 3:51;Alice;Stewart;alice.stewart@sakilacustomer.org
1029;31-05-2005 3:52;06-06-2005 8:10;Diane;Collins;diane.collins@sakilacustomer.org
1030;31-05-2005 4:06;02-06-2005 2:59;Margie;Wade;margie.wade@sakilacustomer.org
1031;31-05-2005 4:23;06-06-2005 8:35;Jeffery;Pinson;jeffery.pinson@sakilacustomer.org
1032;31-05-2005 4:28;02-06-2005 2:00;Marcia;Dean;marcia.dean@sakilacustomer.org
1033;31-05-2005 4:50;02-06-2005 1:53;Deborah;Walker;deborah.walker@sakilacustomer.org
1034;31-05-2005 4:53;09-06-2005 8:25;Mae;Fletcher;mae.fletcher@sakilacustomer.org
1035;31-05-2005 5:01;02-06-2005 3:59;Nicholas;Barfield;nicholas.barfield@sakilacustomer.org
1036;31-05-2005 5:21;04-06-2005 4:19;Barry;Lovelace;barry.lovelace@sakilacustomer.org
1037;31-05-2005 5:22;09-06-2005 4:52;Dave;Gardiner;dave.gardiner@sakilacustomer.org
1038;31-05-2005 5:23;02-06-2005 3:57;Phillip;Holm;phillip.holm@sakilacustomer.org
1039;31-05-2005 5:32;01-06-2005 6:04;Sheila;Wells;sheila.wells@sakilacustomer.org
1040;31-05-2005 5:35;09-06-2005 4:14;Leah;Curtis;leah.curtis@sakilacustomer.org
1041;31-05-2005 5:46;06-06-2005 9:50;Kay;Caldwell;kay.caldwell@sakilacustomer.org
1042;31-05-2005 5:53;01-06-2005 5:24;Leslie;Seward;leslie.seward@sakilacustomer.org
1043;31-05-2005 6:11;08-06-2005 9:15;Allen;Butterfield;allen.butterfield@sakilacustomer.org
1044;31-05-2005 6:24;03-06-2005 4:51;Christina;Ramirez;christina.ramirez@sakilacustomer.org
1045;31-05-2005 6:29;09-06-2005 4:31;Eduardo;Hiatt;eduardo.hiatt@sakilacustomer.org
1046;31-05-2005 6:42;03-06-2005 4:33;Dana;Hart;dana.hart@sakilacustomer.org
1047;31-05-2005 6:45;04-06-2005 9:49;Theresa;Watson;theresa.watson@sakilacustomer.org
1048;31-05-2005 6:49;02-06-2005 11:33;Doris;Reed;doris.reed@sakilacustomer.org
1049;31-05-2005 6:57;02-06-2005 11:32;Mark;Rinehart;mark.rinehart@sakilacustomer.org
1050;31-05-2005 7:01;03-06-2005 7:50;William;Satterfield;william.satterfield@sakilacustomer.org
1051;31-05-2005 7:02;03-06-2005 1:32;Marian;Mendoza;marian.mendoza@sakilacustomer.org
1052;31-05-2005 7:07;05-06-2005 9:38;Bertha;Ferguson;bertha.ferguson@sakilacustomer.org
1053;31-05-2005 7:12;04-06-2005 12:33;Alma;Austin;alma.austin@sakilacustomer.org
1054;31-05-2005 7:33;02-06-2005 1:40;Ellen;Simpson;ellen.simpson@sakilacustomer.org
1055;31-05-2005 7:47;03-06-2005 1:57;Tracy;Cole;tracy.cole@sakilacustomer.org
1056;31-05-2005 7:48;05-06-2005 8:51;Ron;Deluca;ron.deluca@sakilacustomer.org
1057;31-05-2005 7:58;06-06-2005 3:21;Sheila;Wells;sheila.wells@sakilacustomer.org
1058;31-05-2005 8:04;03-06-2005 11:12;Victoria;Gibson;victoria.gibson@sakilacustomer.org
1059;31-05-2005 8:20;04-06-2005 9:05;Heidi;Larson;heidi.larson@sakilacustomer.org
1060;31-05-2005 8:21;09-06-2005 4:02;Ivan;Cromwell;ivan.cromwell@sakilacustomer.org
1061;31-05-2005 8:27;07-06-2005 2:34;Edna;West;edna.west@sakilacustomer.org
1062;31-05-2005 8:38;09-06-2005 8:23;June;Carroll;june.carroll@sakilacustomer.org
1063;31-05-2005 8:44;09-06-2005 8:00;Maria;Miller;maria.miller@sakilacustomer.org
1064;31-05-2005 8:50;02-06-2005 14:47;Leon;Bostic;leon.bostic@sakilacustomer.org
1065;31-05-2005 8:54;08-06-2005 9:21;Steven;Curley;steven.curley@sakilacustomer.org
1066;31-05-2005 9:07;09-06-2005 5:34;Darren;Windham;darren.windham@sakilacustomer.org
1067;31-05-2005 9:12;01-06-2005 6:15;Amy;Lopez;amy.lopez@sakilacustomer.org
1068;31-05-2005 9:32;01-06-2005 11:20;Francisco;Skidmore;francisco.skidmore@sakilacustomer.org
1069;31-05-2005 9:32;08-06-2005 10:19;Vickie;Brewer;vickie.brewer@sakilacustomer.org
1070;31-05-2005 9:39;05-06-2005 10:23;Allison;Stanley;allison.stanley@sakilacustomer.org
1071;31-05-2005 9:48;02-06-2005 3:52;Yvonne;Watkins;yvonne.watkins@sakilacustomer.org
1072;31-05-2005 9:52;05-06-2005 5:39;Kay;Caldwell;kay.caldwell@sakilacustomer.org
1073;31-05-2005 9:55;07-06-2005 3:55;Jamie;Rice;jamie.rice@sakilacustomer.org
1074;31-05-2005 10:04;02-06-2005 15:27;Angel;Barclay;angel.barclay@sakilacustomer.org
1075;31-05-2005 10:13;09-06-2005 8:11;Margaret;Moore;margaret.moore@sakilacustomer.org
1076;31-05-2005 10:14;05-06-2005 10:13;Kristin;Johnston;kristin.johnston@sakilacustomer.org
1077;31-05-2005 10:22;02-06-2005 12:21;Kimberly;Lee;kimberly.lee@sakilacustomer.org
1078;31-05-2005 10:28;03-06-2005 14:45;Joy;George;joy.george@sakilacustomer.org
1079;31-05-2005 10:48;08-06-2005 12:30;Mark;Rinehart;mark.rinehart@sakilacustomer.org
1080;31-05-2005 10:55;03-06-2005 13:13;Jessie;Banks;jessie.banks@sakilacustomer.org
1081;31-05-2005 10:56;06-06-2005 11:31;Stanley;Scroggins;stanley.scroggins@sakilacustomer.org
1082;31-05-2005 11:02;05-06-2005 8:43;Minnie;Romero;minnie.romero@sakilacustomer.org
1083;31-05-2005 11:04;05-06-2005 13:32;Armando;Gruber;armando.gruber@sakilacustomer.org
1084;31-05-2005 11:10;01-06-2005 11:15;Nancy;Thomas;nancy.thomas@sakilacustomer.org
1085;31-05-2005 11:15;07-06-2005 12:02;Elizabeth;Brown;elizabeth.brown@sakilacustomer.org
1086;31-05-2005 11:17;06-06-2005 13:58;Nelson;Christenson;nelson.christenson@sakilacustomer.org
1087;31-05-2005 11:18;04-06-2005 8:33;Erica;Matthews;erica.matthews@sakilacustomer.org
1088;31-05-2005 11:35;06-06-2005 16:01;Gerald;Fultz;gerald.fultz@sakilacustomer.org
1089;31-05-2005 11:38;02-06-2005 8:06;Adam;Gooch;adam.gooch@sakilacustomer.org
1090;31-05-2005 12:03;02-06-2005 15:54;Sarah;Lewis;sarah.lewis@sakilacustomer.org
1091;31-05-2005 12:11;04-06-2005 11:42;Vickie;Brewer;vickie.brewer@sakilacustomer.org
1092;31-05-2005 12:15;03-06-2005 15:39;Billie;Horton;billie.horton@sakilacustomer.org
1093;31-05-2005 12:32;03-06-2005 7:51;Kristin;Johnston;kristin.johnston@sakilacustomer.org
1094;31-05-2005 13:03;05-06-2005 14:30;Kurt;Emmons;kurt.emmons@sakilacustomer.org
1095;31-05-2005 13:15;05-06-2005 12:10;Mattie;Hoffman;mattie.hoffman@sakilacustomer.org
1096;31-05-2005 13:30;09-06-2005 13:53;Penny;Neal;penny.neal@sakilacustomer.org
1097;31-05-2005 13:38;01-06-2005 13:54;Rick;Mattox;rick.mattox@sakilacustomer.org
1098;31-05-2005 13:51;09-06-2005 18:42;Francis;Sikes;francis.sikes@sakilacustomer.org
1099;31-05-2005 13:54;05-06-2005 13:04;Cassandra;Walters;cassandra.walters@sakilacustomer.org
1100;31-05-2005 14:03;06-06-2005 16:08;Gilbert;Sledge;gilbert.sledge@sakilacustomer.org
1101;31-05-2005 14:13;07-06-2005 15:49;Christy;Vargas;christy.vargas@sakilacustomer.org
1102;31-05-2005 14:20;04-06-2005 17:38;Wendy;Harrison;wendy.harrison@sakilacustomer.org
1103;31-05-2005 14:24;09-06-2005 10:27;Jonathan;Scarborough;jonathan.scarborough@sakilacustomer.org
1104;31-05-2005 14:30;05-06-2005 12:07;Leo;Ebert;leo.ebert@sakilacustomer.org
1105;31-05-2005 14:33;07-06-2005 11:30;Jessica;Hall;jessica.hall@sakilacustomer.org
1106;31-05-2005 14:36;01-06-2005 14:33;Edna;West;edna.west@sakilacustomer.org
1107;31-05-2005 15:04;07-06-2005 16:42;Heather;Morris;heather.morris@sakilacustomer.org
1108;31-05-2005 15:05;09-06-2005 19:48;Maxine;Silva;maxine.silva@sakilacustomer.org
1109;31-05-2005 15:12;09-06-2005 16:21;Herman;Devore;herman.devore@sakilacustomer.org
1110;31-05-2005 15:22;07-06-2005 14:32;Terry;Grissom;terry.grissom@sakilacustomer.org
1111;31-05-2005 15:24;08-06-2005 21:18;John;Farnsworth;john.farnsworth@sakilacustomer.org
1112;31-05-2005 15:51;03-06-2005 14:04;Kristin;Johnston;kristin.johnston@sakilacustomer.org
1113;31-05-2005 15:58;05-06-2005 18:05;Jim;Rea;jim.rea@sakilacustomer.org
1114;31-05-2005 16:00;01-06-2005 19:05;Edith;Mcdonald;edith.mcdonald@sakilacustomer.org
1115;31-05-2005 16:07;04-06-2005 18:51;Edna;West;edna.west@sakilacustomer.org
1116;31-05-2005 16:10;01-06-2005 20:27;Mabel;Holland;mabel.holland@sakilacustomer.org
1117;31-05-2005 16:15;04-06-2005 17:20;Loretta;Carpenter;loretta.carpenter@sakilacustomer.org
1118;31-05-2005 16:23;03-06-2005 20:00;Ben;Easter;ben.easter@sakilacustomer.org
1119;31-05-2005 16:34;02-06-2005 10:54;Wesley;Bull;wesley.bull@sakilacustomer.org
1120;31-05-2005 16:37;04-06-2005 12:53;Lawrence;Lawton;lawrence.lawton@sakilacustomer.org
1121;31-05-2005 16:37;06-06-2005 21:02;Denise;Kelly;denise.kelly@sakilacustomer.org
1122;31-05-2005 16:39;04-06-2005 17:25;Stacy;Cunningham;stacy.cunningham@sakilacustomer.org
1123;31-05-2005 16:48;02-06-2005 19:17;Miguel;Betancourt;miguel.betancourt@sakilacustomer.org
1124;31-05-2005 16:49;04-06-2005 19:32;Emma;Boyd;emma.boyd@sakilacustomer.org
1125;31-05-2005 17:23;01-06-2005 15:02;Claudia;Fuller;claudia.fuller@sakilacustomer.org
1126;31-05-2005 17:27;04-06-2005 20:06;Joel;Francisco;joel.francisco@sakilacustomer.org
1127;31-05-2005 17:45;08-06-2005 22:41;Jesse;Schilling;jesse.schilling@sakilacustomer.org
1128;31-05-2005 17:49;05-06-2005 19:51;Paul;Trout;paul.trout@sakilacustomer.org
1129;31-05-2005 18:00;04-06-2005 23:05;Glen;Talbert;glen.talbert@sakilacustomer.org
1130;31-05-2005 18:13;06-06-2005 22:50;Sheila;Wells;sheila.wells@sakilacustomer.org
1131;31-05-2005 18:44;01-06-2005 20:13;Marjorie;Tucker;marjorie.tucker@sakilacustomer.org
1132;31-05-2005 18:44;07-06-2005 22:02;Elsie;Kelley;elsie.kelley@sakilacustomer.org
1133;31-05-2005 19:12;02-06-2005 20:12;Beverly;Brooks;beverly.brooks@sakilacustomer.org
1134;31-05-2005 19:14;02-06-2005 17:13;Jeanette;Greene;jeanette.greene@sakilacustomer.org
1135;31-05-2005 19:15;01-06-2005 14:44;Thelma;Murray;thelma.murray@sakilacustomer.org
1136;31-05-2005 19:19;09-06-2005 16:04;Diane;Collins;diane.collins@sakilacustomer.org
1137;31-05-2005 19:20;07-06-2005 16:10;Jack;Foust;jack.foust@sakilacustomer.org
1138;31-05-2005 19:30;05-06-2005 21:42;Barry;Lovelace;barry.lovelace@sakilacustomer.org
1139;31-05-2005 19:34;06-06-2005 17:40;Wallace;Slone;wallace.slone@sakilacustomer.org
1140;31-05-2005 19:36;07-06-2005 18:33;Dorothy;Taylor;dorothy.taylor@sakilacustomer.org
1141;31-05-2005 19:42;07-06-2005 0:59;Agnes;Bishop;agnes.bishop@sakilacustomer.org
1142;31-05-2005 19:46;05-06-2005 14:03;Elizabeth;Brown;elizabeth.brown@sakilacustomer.org
1143;31-05-2005 19:53;06-06-2005 20:56;Tonya;Chapman;tonya.chapman@sakilacustomer.org
1144;31-05-2005 20:04;09-06-2005 16:34;Gertrude;Castillo;gertrude.castillo@sakilacustomer.org
1145;31-05-2005 20:13;08-06-2005 2:10;Sonia;Gregory;sonia.gregory@sakilacustomer.org
1146;31-05-2005 20:34;03-06-2005 18:12;Jo;Fowler;jo.fowler@sakilacustomer.org
1147;31-05-2005 20:37;06-06-2005 19:23;Lena;Jensen;lena.jensen@sakilacustomer.org
1148;31-05-2005 20:38;02-06-2005 18:35;Jackie;Lynch;jackie.lynch@sakilacustomer.org
1149;31-05-2005 21:03;08-06-2005 19:58;Jose;Andrew;jose.andrew@sakilacustomer.org
1150;31-05-2005 21:20;03-06-2005 19:15;Anita;Morales;anita.morales@sakilacustomer.org
1151;31-05-2005 21:29;03-06-2005 23:24;Virgil;Wofford;virgil.wofford@sakilacustomer.org
1152;31-05-2005 21:32;04-06-2005 21:07;Jeanette;Greene;jeanette.greene@sakilacustomer.org
1153;31-05-2005 21:36;10-06-2005 1:26;Leslie;Seward;leslie.seward@sakilacustomer.org
1154;31-05-2005 21:42;08-06-2005 16:40;Cheryl;Murphy;cheryl.murphy@sakilacustomer.org
1155;31-05-2005 22:17;04-06-2005 20:27;Vickie;Brewer;vickie.brewer@sakilacustomer.org
1156;31-05-2005 22:37;01-06-2005 23:02;Connie;Wallace;connie.wallace@sakilacustomer.org
1157;31-05-2005 22:47;02-06-2005 18:01;Katherine;Rivera;katherine.rivera@sakilacustomer.org
1;24-05-2005 22:53;26-05-2005 22:04;Charlotte;Hunter;charlotte.hunter@sakilacustomer.org
